id,name,category_id
10110,"Horses, asses, mules and hinnies; live, pure-bred breeding animals",1
10111,"Horses; live, pure-bred breeding animals",1
10119,"Horses; live, other than pure-bred breeding animals",1
10120,"Asses, mules and hinnies; live",1
10121,"Horses; live, pure-bred breeding animals",1
10129,"Horses; live, other than pure-bred breeding animals",1
10130,Asses; live,1
10190,Mules and hinnies; live,1
10190,"Horses, asses, mules and hinnies; live, other than pure-bred breeding animals",1
10210,"Bovine animals; live, pure-bred breeding animals",1
10221,"Cattle; live, pure-bred breeding animals",1
10229,"Cattle; live, other than pure-bred breeding animals",1
10231,"Buffalo; live, pure-bred breeding animals",1
10239,"Buffalo; live, other than pure-bred breeding animals",1
10290,"Bovine animals; live, other than cattle and buffalo",1
10290,"Bovine animals; live, other than pure-bred breeding animals",1
10310,"Swine; live, pure-bred breeding animals",1
10391,"Swine; live, other than pure-bred breeding animals, weighing less than 50kg",1
10391,"Swine; live, (other than pure-bred breeding animals), weighing less than 50kg",1
10392,"Swine; live, other than pure-bred breeding animals, weighing 50kg or more",1
10392,"Swine; live, (other than pure-bred breeding animals), weighing 50kg or more",1
10410,Sheep; live,1
10420,Goats; live,1
10511,"Poultry; live, fowls of the species Gallus domesticus, weighing not more than 185g",1
10511,"Poultry; live, fowls of the species gallus domesticus, weighing not more than 185g",1
10512,"Poultry; live, turkeys, weighing not more than 185g",1
10512,"Poultry; live, weighing not more than 185g, turkeys",1
10513,"Poultry; live, ducks, weighing not more than 185g",1
10514,"Poultry; live, geese, weighing not more than 185g",1
10515,"Poultry; live, guinea fowls, weighing not more than 185g",1
10519,"Poultry; live, weighing not more than 185g, ducks, geese and guinea fowls",1
10519,"Poultry; live, weighing not more than 185g, ducks, geese, turkeys and guinea fowls",1
10591,"Poultry; live, fowls of the species gallus domesticus, weighing more than 185g",1
10592,"Poultry; live, weighing over 185g but not more than 2000g, fowls of the species gallus domesticus",1
10593,"Poultry; live, weighing over 2000g, fowls of the species gallus domesticus",1
10594,"Poultry; live, fowls of the species Gallus domesticus, weighing more than 185g",1
10599,"Poultry; live, ducks, geese, turkeys and guinea fowls, weighing more than 185g",1
10600,"Animals; live, n.e.s. in chapter 1",1
10611,"Mammals; live, primates",1
10612,"Mammals; live, whales, dolphins and porpoises (mammals of the order Cetacea); manatees and dugongs (mammals of the order Sirenia); seals, sea lions and walruses (mammals of the suborder Pinnipedia)",1
10612,"Mammals; live, whales, dolphins and porpoises ( mammals of the order Cetacea); manatees and dugongs (mammals of the order Sirenia)",1
10613,"Mammals; live, camels and other camelids (Camelidae)",1
10614,"Mammals; live, rabbits and hares",1
10619,"Mammals; live, other than primates, whales, dolphins, porpoises (mammals of the order Cetacea); manatees, dugongs (mammals of the order Sirenia); seals, sea lions, walruses (mammals of the suborder Pinnipedia), camels, other camelids, rabbits and hares",1
10619,"Mammals; live, other than primates, whales, dolphins and porpoises (order Cetacea), manatees and dugongs (order Sirenia)",1
10620,Reptiles; live (including snakes and turtles),1
10631,"Birds; live, birds of prey",1
10631,"Animals; live, birds of prey",1
10632,"Birds; live, Psittaciformes",1
10632,"Animals; live, birds, Psittaciformes",1
10633,"Birds; live, ostriches; emus (Dromaius novaehollandiae)",1
10639,"Birds; live, other than birds of prey, Psittaciformes, ostriches and emus (Dromaius novaehollandiae)",1
10639,"Animals; live, birds, other than birds of prey and Psittaciformes",1
10641,"Insects; live, bees",1
10649,"Insects; live, other than bees",1
10690,"Animals; live, n.e.c. in chapter 01, other than mammals, reptiles, birds and insects",1
10690,"Animals; live, n.e.c. in chapter 01, other than mammals, reptiles and birds",1
20110,"Meat; of bovine animals, carcasses and half-carcasses, fresh or chilled",1
20120,"Meat; of bovine animals, cuts with bone in (excluding carcasses and half-carcasses), fresh or chilled",2
20130,"Meat; of bovine animals, boneless cuts, fresh or chilled",2
20210,"Meat; of bovine animals, carcasses and half-carcasses, frozen",2
20220,"Meat; of bovine animals, cuts with bone in (excluding carcasses and half-carcasses), frozen",2
20230,"Meat; of bovine animals, boneless cuts, frozen",2
20311,"Meat; of swine, carcasses and half-carcasses, fresh or chilled",2
20312,"Meat; of swine, hams, shoulders and cuts thereof, with bone in, fresh or chilled",2
20319,"Meat; of swine, n.e.c. in item no. 0203.1, fresh or chilled",2
20319,"Meat; of swine, n.e.s. in item no. 0203.1, fresh or chilled",2
20321,"Meat; of swine, carcasses and half-carcasses, frozen",2
20322,"Meat; of swine, hams, shoulders and cuts thereof, with bone in, frozen",2
20329,"Meat; of swine, n.e.c. in item no. 0203.2, frozen",2
20329,"Meat; of swine, n.e.s. in item no. 0203.2, frozen",2
20410,"Meat; of sheep, lamb carcasses and half-carcasses, fresh or chilled",2
20421,"Meat; of sheep, carcasses and half-carcasses (excluding carcasses and half-carcasses of lamb), fresh or chilled",2
20422,"Meat; of sheep (including lamb), cuts with bone in (excluding carcasses and half-carcasses), fresh or chilled",2
20423,"Meat; of sheep (including lamb), boneless cuts, fresh or chilled",2
20430,"Meat; of sheep, lamb carcasses and half-carcasses, frozen",2
20441,"Meat; of sheep, carcasses and half-carcasses (excluding carcasses and half-carcasses of lamb), frozen",2
20442,"Meat; of sheep (including lamb), cuts with bone in (excluding carcasses and half-carcasses), frozen",2
20443,"Meat; of sheep (including lamb), boneless cuts, frozen",2
20450,"Meat; of goats, fresh, chilled or frozen",2
20500,"Meat; of horses, asses, mules or hinnies, fresh, chilled or frozen",2
20610,"Offal, edible; of bovine animals, fresh or chilled",2
20621,"Offal, edible; of bovine animals, tongues, frozen",2
20622,"Offal, edible; of bovine animals, livers, frozen",2
20629,"Offal, edible; of bovine animals, (other than tongues and livers), frozen",2
20630,"Offal, edible; of swine, fresh or chilled",2
20641,"Offal, edible; of swine, livers, frozen",2
20649,"Offal, edible; of swine, (other than livers), frozen",2
20680,"Offal, edible; of sheep, goats, horses, asses, mules or hinnies, fresh or chilled",2
20690,"Offal, edible; of sheep, goats, horses, asses, mules or hinnies, frozen",2
20710,"Meat and edible offal; poultry, not cut in pieces, fresh or chilled",2
20711,"Meat and edible offal; of fowls of the species Gallus domesticus, not cut in pieces, fresh or chilled",2
20711,"Meat and edible offal; of the poultry of heading no. 0105, of fowls of the species Gallus domesticus, (not cut in pieces), fresh or chilled",2
20711,"Meat and edible offal; of the poultry of heading no. 0105, of fowls of the species gallus domesticus, (not cut in pieces), fresh or chilled",2
20712,"Meat and edible offal; of fowls of the species Gallus domesticus, not cut in pieces, frozen",2
20712,"Meat and edible offal; of the poultry of heading no. 0105, of fowls of the species Gallus domesticus, (not cut in pieces), frozen",2
20712,"Meat and edible offal; of the poultry of heading no. 0105, of fowls of the species gallus domesticus, (not cut in pieces), frozen",2
20713,"Meat and edible offal; of fowls of the species Gallus domesticus, cuts and offal, fresh or chilled",2
20713,"Meat and edible offal; of the poultry of heading no. 0105, of fowls of the species Gallus domesticus, cuts and offal, fresh or chilled",2
20713,"Meat and edible offal; of the poultry of heading no. 0105, of fowls of the species gallus domesticus, cuts and offal, fresh or chilled",2
20714,"Meat and edible offal; of fowls of the species Gallus domesticus, cuts and offal, frozen",2
20714,"Meat and edible offal; of the poultry of heading no. 0105, of fowls of the species Gallus domesticus, cuts and offal, frozen",2
20714,"Meat and edible offal; of the poultry of heading no. 0105, of fowls of the species gallus domesticus, cuts and offal, frozen",2
20721,"Meat and edible offal; fowls of the species gallus domesticus, not cut in pieces, frozen",2
20722,"Meat and edible offal; turkeys, not cut in pieces, frozen",2
20723,"Meat and edible offal; ducks, geese and guinea fowls, not cut in pieces, frozen",2
20724,"Meat and edible offal; of turkeys, not cut in pieces, fresh or chilled",2
20724,"Meat and edible offal; of the poultry of heading no. 0105, of turkeys, (not cut in pieces), fresh or chilled",2
20725,"Meat and edible offal; of turkeys, not cut in pieces, frozen",2
20725,"Meat and edible offal; of the poultry of heading no. 0105, of turkeys, (not cut in pieces), frozen",2
20726,"Meat and edible offal; of turkeys, cuts and offal, fresh or chilled",2
20726,"Meat and edible offal; of the poultry of heading no. 0105, of turkeys, cuts and offal, fresh or chilled",2
20727,"Meat and edible offal; of turkeys, cuts and offal, frozen",2
20727,"Meat and edible offal; of the poultry of heading no. 0105, of turkeys, cuts and offal, frozen",2
20731,"Offal, edible; of geese or ducks, fatty livers, fresh or chilled",2
20732,"Meat and edible offal; of the poultry of heading no. 0105, of ducks, geese or guinea fowls, (not cut in pieces), fresh or chilled",2
20733,"Meat and edible offal; of the poultry of heading no. 0105, of ducks, geese or guinea fowls, (not cut in pieces), frozen",2
20734,"Meat and edible offal; of the poultry of heading no. 0105, of ducks, geese or guinea fowls, fatty livers, fresh or chilled (foie gras from ducks or geese only)",2
20735,"Meat and edible offal; of the poultry of heading no. 0105, of ducks, geese or guinea fowls, fresh or chilled, poultry cuts or offal (excluding fatty livers)",2
20736,"Meat and edible offal; of the poultry of heading no. 0105, of ducks, geese or guinea fowls, frozen",2
20739,"Meat and edible offal; poultry cuts and offal (including livers but excluding the fatty livers of geese or ducks), fresh or chilled",2
20741,"Meat and edible offal; of ducks, not cut in pieces, fresh or chilled",2
20741,"Meat and edible offal; of fowls of the species gallus domesticus, poultry cuts and offal (excluding livers), frozen",2
20742,"Meat and edible offal; of ducks, not cut in pieces, frozen",2
20742,"Meat and edible offal; of turkeys, poultry cuts and offal (excluding livers), frozen",2
20743,"Meat and edible offal; of ducks, fatty livers (foie gras), fresh or chilled",2
20743,"Meat and edible offal; of ducks, geese or guinea fowls, poultry cuts and offal (excluding livers) frozen",2
20744,"Meat and edible offal; of ducks, cuts and offal, excluding fatty livers, fresh or chilled",2
20745,"Meat and edible offal; of ducks, cuts and offal, excluding fatty livers, frozen",2
20750,"Offal, edible; of poultry, livers, frozen",2
20751,"Meat and edible offal; of geese, not cut in pieces, fresh or chilled",2
20752,"Meat and edible offal; of geese, not cut in pieces, frozen",2
20753,"Meat and edible offal; of geese, fatty livers (foie gras), fresh or chilled",2
20754,"Meat and edible offal; of geese, cuts and offal, excluding fatty livers, fresh or chilled",2
20755,"Meat and edible offal; of geese, cuts and offal, excluding fatty livers, frozen",2
20760,"Meat and edible offal; of guinea fowls, fresh, chilled or frozen",2
20810,"Meat and edible meat offal; of rabbits or hares, fresh, chilled or frozen",2
20820,"Meat and edible meat offal; frogs' legs, fresh, chilled or frozen",2
20830,"Meat and edible meat offal; of primates, fresh, chilled or frozen",2
20840,"Meat and edible meat offal; of whales, dolphins and porpoises (mammals of the order Cetacea); of manatees and dugongs (mammals of the order Sirenia); of seals, sea lions and walruses (mammals of the suborder Pinnipedia), fresh, chilled or frozen",2
20840,"Meat and edible meat offal; of whales, dolphins and porpoises (mammals of the order Cetacea) and manatees and dugongs (mammals of the order Sirenia), fresh, chilled or frozen",2
20850,"Meat and edible meat offal; of reptiles (including snakes and turtles), fresh, chilled or frozen",2
20860,"Meat and edible meat offal; of camels and other camelids (Camelidae), fresh, chilled or frozen",2
20890,"Meat and edible meat offal; n.e.c. in chapter 2, fresh, chilled or frozen",2
20890,"Meat and edible meat offal; n.e.s. in chapter 2, fresh, chilled or frozen",2
20900,"Fat; pig fat, free of lean meat, and poultry fat, (not rendered or otherwise extracted), fresh, chilled, frozen, salted, in brine, dried or smoked",2
20900,"Fat; pig fat, free of lean meat, and poultry fat, (not rendered), fresh, chilled, frozen, salted, in brine, dried or smoked",2
20910,"Fat; pig fat, free of lean meat, not rendered or otherwise extracted, fresh, chilled, frozen, salted, in brine, dried or smoked",2
20990,"Fat; poultry fat, not rendered or otherwise extracted, fresh, chilled, frozen, salted, in brine, dried or smoked",2
21011,"Meat; salted, in brine, dried or smoked, of swine, hams, shoulders and cuts thereof, with bone in",2
21011,"Meat, preserved; of swine, hams, shoulders and cuts thereof, with bone in, salted, in brine, dried or smoked",2
21012,"Meat; salted, in brine, dried or smoked, of swine, bellies (streaky) and cuts thereof",2
21012,"Meat, preserved; of swine, bellies (streaky) and cuts thereof, salted, in brine, dried or smoked",2
21019,"Meat; salted in brine, dried or smoked, of swine, n.e.c. in item no. 0210.1",2
21019,"Meat, preserved; of swine, salted, in brine, dried or smoked, n.e.c. in item no. 0210.1",2
21019,"Meat, preserved; of swine, salted, in brine, dried or smoked, n.e.s. in item no. 0210.1",2
21020,"Meat; salted, in brine, dried or smoked, of bovine animals",2
21020,"Meat, preserved; of bovine animals, salted, in brine, dried or smoked",2
21090,"Meat and edible meat offal, preserved; salted, in brine, dried or smoked, and edible flours and meals of meat or meat offal, n.e.s. in heading no. 0210",2
21091,"Meat and edible meat offal; salted, in brine, dried or smoked, and edible flours and meals of meat or meat offal, of primates",2
21091,"Meat and edible meat offal, preserved; salted, in brine, dried or smoked, and edible flours and meals of meat or meat offal, of primates",2
21092,"Meat and edible meat offal; salted, in brine, dried or smoked; edible flours, meals of meat or meat offal, of whales, dolphins, porpoises (of order Cetacea); manatees, dugongs (of order Sirenia); seals, sea lions, and walruses (of suborder Pinnipedia)",2
21092,"Meat and edible meat offal, preserved; salted, in brine, dried or smoked, and edible flours and meals of meat or meat offal, of whales, dolphins and porpoises (mammals of the order Cetacea); and of manatees and dugongs (mammals of the order Sirenia)",2
21093,"Meat and edible meat offal; salted, in brine, dried or smoked, and edible flours and meals of meat or meat offal, of reptiles (including snakes and turtles)",2
21093,"Meat and edible meat offal, preserved; salted, in brine, dried or smoked, and edible flours and meals of meat or meat offal, of reptiles (including snakes and turtles)",2
21099,"Meat and edible meat offal; salted, in brine, dried or smoked, and edible flours and meals of meat or meat offal, other than of primates, whales, dolphins, porpoises, manatees, dugongs, seals, sea lions, walruses, reptiles (including snakes and turtles)",2
21099,"Meat and edible meat offal, preserved; salted, in brine, dried or smoked, and edible flours and meals of meat or meat offal, other than of primates, whales, dolphins and porpoises, manatees and dugongs, reptiles (including snakes and turtles)",2
21099,"Meat and edible meat offal, preserved; salted, in brine, dried or smoked, and edible flours and meals of meat or meat offal, other than of primates,whales, dolphins and porpoises, manatees and dugongs, reptiles (including snakes and turtles)",2
40110,"Dairy produce; milk and cream, not concentrated, not containing added sugar or other sweetening matter, of a fat content, by weight, not exceeding 1%",2
40110,"Dairy produce; milk and cream, not concentrated, not containing added sugar or other sweetening matter, of a fat content not exceeding 1% (by weight)",4
40120,"Dairy produce; milk and cream, not concentrated, not containing added sugar or other sweetening matter, of a fat content, by weight, exceeding 1% but not exceeding 6%",4
40120,"Dairy produce; milk and cream, not concentrated, not containing added sugar or other sweetening matter, of a fat content exceeding 1% but not exceeding 6% (by weight)",4
40130,"Dairy produce; milk and cream, not concentrated, not containing added sugar or other sweetening matter, of a fat content exceeding 6% (by weight)",4
40140,"Dairy produce; milk and cream, not concentrated, not containing added sugar or other sweetening matter, of a fat content, by weight, exceeding 6% but not exceeding 10%",4
40150,"Dairy produce; milk and cream, not concentrated, not containing added sugar or other sweetening matter, of a fat content, by weight, exceeding 10%",4
40210,"Dairy produce; milk and cream, concentrated or containing added sugar or other sweetening matter, in powder, granules or other solid forms, of a fat content not exceeding 1.5% (by weight)",4
40221,"Dairy produce; milk and cream, concentrated, not containing added sugar or other sweetening matter, in powder, granules or other solid forms, of a fat content exceeding 1.5% (by weight)",4
40229,"Dairy produce; milk and cream, containing added sugar or other sweetening matter, in powder, granules or other solid forms, of a fat content exceeding 1.5% (by weight)",4
40291,"Dairy produce; milk and cream, concentrated, not containing added sugar or other sweetening matter, other than in powder, granules or other solid forms",4
40299,"Dairy produce; milk and cream, containing added sugar or other sweetening matter, other than in powder, granules or other solid forms",4
40310,"Dairy produce; yoghurt, whether or not concentrated or containing added sugar or other sweetening matter or flavoured or containing added fruit or cocoa",4
40320,"Dairy produce; yoghurt, whether or not concentrated or containing added sugar or other sweetening matter or flavoured or containing added fruit, nuts or cocoa",4
40390,"Dairy produce; buttermilk, curdled milk or cream, kephir, fermented or acidified milk or cream, whether or not concentrated or containing added sweetening, flavouring, fruit, nuts or cocoa (excluding yoghurt)",4
40390,"Dairy produce; buttermilk, curdled milk or cream, kephir, fermented or acidified milk or cream, whether or not concentrated or containing added sweetening, flavouring, fruit or cocoa (excluding yoghurt)",4
40410,"Dairy produce; whey, whether or not concentrated or containing added sugar or other sweetening matter",4
40490,"Dairy produce; natural milk constituents (excluding whey), whether or not containing added sugar or other sweetening matter, n.e.c. in chapter 04",4
40490,"Dairy produce; natural milk constituents (excluding whey), whether or not containing added sugar or other sweetening matter, n.e.s. in chapter 04",4
40500,Dairy produce; butter and other fats and oils derived from milk,4
40510,"Dairy produce; derived from milk, butter",4
40520,Dairy produce; dairy spreads,4
40590,Dairy produce; fats and oils derived from milk (other than butter or dairy spreads),4
40610,"Dairy produce; fresh cheese (including whey cheese), not fermented, and curd",4
40620,"Dairy produce; cheese of all kinds, grated or powdered",4
40630,"Dairy produce; cheese, processed (not grated or powdered)",4
40640,"Dairy produce; cheese, blue-veined and other cheese containing veins produced by Penicillium roqueforti (not grated, powdered or processed)",4
40640,"Dairy produce; cheese, blue-veined (not grated, powdered or processed)",4
40690,"Dairy produce; cheese (not grated, powdered or processed), n.e.c. in heading no. 0406",4
40690,"Dairy produce; cheese (not grated, powdered or processed), n.e.s. in heading no. 0406",4
40700,"Eggs; birds' eggs, in the shell, fresh, preserved or cooked",4
40711,"Birds' eggs, in shell; fresh, fertilised eggs for incubation, of fowls of the species Gallus domesticus (domestic hens)",4
40719,"Birds' eggs, in shell; fresh, fertilised eggs for incubation, other than fowls of the species Gallus domesticus (domestic hens)",4
40721,"Birds' eggs, in shell; fresh, not for incubation, of fowls of the species Gallus domesticus (domestic hens)",4
40729,"Birds' eggs, in shell; fresh, not for incubation, other than fowls of the species Gallus domesticus (domestic hens)",4
40790,"Birds' eggs, in shell; preserved or cooked",4
40811,"Eggs; birds' eggs, yolks, dried, whether or not containing added sugar or other sweetening matter",4
40819,"Eggs; birds' eggs, yolks, fresh, cooked by steaming or by boiling in water, moulded, frozen or otherwise preserved, whether or not containing added sugar or other sweetening matter",4
40891,"Eggs; birds' eggs (not in shell, excluding yolks only), dried, whether or not containing added sugar or other sweetening matter",4
40899,"Eggs; birds' eggs (not in shell, excluding yolks only), fresh, cooked by steaming or boiling in water, moulded, frozen, otherwise preserved, whether or not containing added sugar or other sweetening matter",4
40900,Honey; natural,4
41000,"Animal products; edible, n.e.c. in this or other chapters",4
41000,"Animal products; edible, n.e.s. in this or other chapters",4
41010,Animal products; insects,4
41090,"Animal products; edible products of animal origin, not elsewhere specified or included, other than insects",4
50100,"Animal products; hair, human, unworked, whether or not washed or scoured, and waste of human hair",4
50210,"Animal products; hair and bristles, of pigs, hogs or boars, and waste thereof",5
50290,"Animal products; badger hair and other brush making hair and waste of such bristles or hair, n.e.c. in heading no. 0502 (excluding horsehair)",5
50290,"Animal products; badger hair and other brush making hair and waste of such bristles or hair, n.e.s. in heading no. 0502 (excluding horsehair)",5
50300,"Animal products; horsehair and horsehair waste, whether or not put up as a layer with or without supporting material",5
50400,"Animal products; guts, bladders and stomachs of animals (other than fish), whole and pieces thereof, fresh, chilled, frozen, salted, in brine, dried or smoked",5
50400,"Animal products; guts, bladders and stomachs of animals (other than fish), whole and pieces thereof",5
50510,"Animal products; feathers and down used for stuffing, not further worked than cleaned, disinfected or treated for preservation",5
50590,"Animal products; skins and other parts of birds, feathers and down (not for stuffing), powder and waste of such, not further worked than cleaned, disinfected or treated for preservation",5
50610,Animal products; ossein and bones treated with acid,5
50690,"Animal products; bones and horn-cores and powder or waste of such, unworked, defatted, simply prepared (not cut to shape), or treated with acid or degelatinised, n.e.c. in heading no. 0506",5
50690,"Animal products; bones and horn-cores and powder or waste of such, unworked, defatted, simply prepared (not cut to shape), or treated with acid or degelatinised, n.e.s. in heading no. 0506",5
50710,"Animal products; ivory, unworked or simply prepared but not cut to shape, ivory powder and waste",5
50790,"Animal products; tortoise-shell, whalebone and whalebone hair, horns, antlers, hooves, nails, claws and beaks, unworked or simply prepared but not cut to shape, waste and powder of these products",5
50800,"Animal products; coral and similar materials, shells of molluscs, crustaceans, echinoderms, cuttle-bone, unworked or simply prepared but not cut to shape, powder and waste thereof",5
50800,"Animal products; coral and similar materials, shells of molluscs, crustaceans, echinoderms, cuttle-bone etc., unworked or simply prepared (but not cut to shape), and powder and waste thereof",5
50900,Animal products; natural sponges of animal origin,5
51000,"Animal products; ambergris, castoreum, civet, musk, cantharides, bile (dried or not) glands and other animal products, for pharmaceutical purposes, fresh, chilled, frozen or otherwise provisionally preserved",5
51110,Animal products; bovine semen,5
51191,"Animal products; of fish or crustaceans, molluscs or other aquatic invertebrates; dead animals of chapter 03, unfit for human consumption",5
51191,"Animal products; of fish or crustaceans, molluscs or other aquatic invertebrates and dead animals of chapter 3, unfit for human consumption",5
51199,Animal products; n.e.c. in chapter 5,5
51199,Animal products; n.e.s. in chapter 5,5
60110,"Plants, live; bulbs, tubers, tuberous roots, corms, crowns and rhizomes, dormant",5
60120,"Plants, live; bulbs, tubers, tuberous roots, corms, crowns and rhizomes, in growth or in flower, chicory plants and roots other than of heading no. 1212",6
60210,"Plants, live; unrooted cuttings and slips",6
60220,"Plants, live; edible fruit or nut trees, shrubs and bushes, grafted or not",6
60230,"Plants, live; rhododendrons and azaleas, grafted or not",6
60240,"Plants, live; roses, grafted or not",6
60290,"Plants, live; n.e.c. in heading no. 0602",6
60290,"Plants, live; n.e.s. in heading no. 0602",6
60291,"Plants, live; mushroom spawn",6
60299,"Plants, live; n.e.s. in heading no. 0602",6
60310,"Flowers, cut; flowers, buds of a kind suitable for bouquets or for ornamental purposes, fresh",6
60311,"Flowers, cut; roses, flowers and buds of a kind suitable for bouquets or ornamental purposes, fresh",6
60312,"Flowers, cut; carnations, flowers and buds of a kind suitable for bouquets or ornamental purposes, fresh",6
60313,"Flowers, cut; orchids, flowers and buds of a kind suitable for bouquets or ornamental purposes, fresh",6
60314,"Flowers, cut; chrysanthemums, flowers and buds of a kind suitable for bouquets or ornamental purposes, fresh",6
60315,"Flowers, cut; lilies (Lilium spp.), flowers and flower buds of a kind suitable for bouquets or ornamental purposes, fresh",6
60319,"Flowers, cut; flowers and buds of a kind suitable for bouquets or ornamental purposes, fresh, other than roses, carnations, orchids, chrysanthemums or lillies",6
60319,"Flowers, cut; flowers and buds of a kind suitable for bouquets or ornamental purposes, fresh, other than roses, carnations, orchids, or chrysanthemums",6
60390,"Flowers, cut; flowers and flower buds of a kind suitable for bouquets or ornamental purposes, dried, dyed, bleached, impregnated or otherwise prepared",6
60390,Flowers; n.e.c. in heading no. 0603,6
60390,Flowers; n.e.s. in heading no. 0603,6
60410,"Mosses and lichens; of a kind suitable for bouquets or ornamental purposes, fresh, dried, dyed, bleached, impregnated or otherwise prepared",6
60420,"Foliage, branches and other parts of plants, without flowers or flower buds, and grasses, mosses and lichens; suitable for bouquets or for ornamental purposes, fresh",6
60490,"Foliage, branches and other parts of plants, without flowers or flower buds, and grasses, mosses and lichens; suitable for bouquets or for ornamental purposes, dried, dyed, bleached, impregnated or otherwise prepared",6
60491,"Foliage, branches and other parts of plants, without flowers or flower buds, and grasses; being goods of a kind suitable for bouquets or for ornamental purposes, fresh",6
60499,"Foliage, branches and other parts of plants, without flowers or flower buds, and grasses; kind suitable for bouquets or for ornamental purposes dried, dyed, bleached, impregnated, otherwise prepared, excluding fresh",6
70110,"Vegetables; seed potatoes, fresh or chilled",6
70190,"Vegetables; potatoes (other than seed), fresh or chilled",7
70200,"Vegetables; tomatoes, fresh or chilled",7
70310,"Vegetables, alliaceous; onions and shallots, fresh or chilled",7
70320,"Vegetables, alliaceous; garlic, fresh or chilled",7
70390,"Vegetables, alliaceous; leeks and other kinds n.e.c. in heading no. 0703, fresh or chilled",7
70390,"Vegetables, alliaceous; leeks and other kinds n.e.s. in heading no. 0703, fresh or chilled",7
70410,"Vegetables, brassica; cauliflowers and broccoli, fresh or chilled",7
70410,"Vegetables, brassica; cauliflowers and headed broccoli, fresh or chilled",7
70420,"Vegetables, brassica; brussel sprouts, fresh or chilled",7
70490,"Vegetables, brassica; edible, n.e.c. in heading no. 0704, fresh or chilled",7
70490,"Vegetables, brassica; edible, n.e.s. in heading no. 0704, fresh or chilled",7
70511,"Vegetables; cabbage (head) lettuce (lactuca sativa), fresh or chilled",7
70519,"Vegetables; lettuce (lactuca sativa), (other than cabbage lettuce), fresh or chilled",7
70521,"Vegetables; witloff chicory (cichorium intybus var. foliosum), fresh or chilled",7
70529,"Vegetables; chicory (cichorium spp.), (other than witloof chicory), fresh or chilled",7
70610,"Vegetables, root; carrots and turnips, fresh or chilled",7
70690,"Vegetables, root; salad beetroot, salsify, celeric, radishes and similar edible roots, fresh or chilled",7
70700,"Vegetables; cucumbers and gherkins, fresh or chilled",7
70810,"Vegetables, leguminous; peas (pisum sativum), shelled or unshelled, fresh or chilled",7
70820,"Vegetables, leguminous; beans (vigna spp., phaseolus spp.), shelled or unshelled, fresh or chilled",7
70890,"Vegetables, leguminous; (other than peas and beans), shelled or unshelled, fresh or chilled",7
70910,"Vegetables; globe artichokes, fresh or chilled",7
70920,"Vegetables; asparagus, fresh or chilled",7
70930,"Vegetables; aubergines, (e.g. plants), fresh or chilled",7
70930,"Vegetables; aubergines, (egg plants), fresh or chilled",7
70940,"Vegetables; celery (other than celeriac), fresh or chilled",7
70951,"Vegetables; mushrooms of the genus Agaricus, fresh or chilled",7
70951,"Vegetables; mushrooms, fresh or chilled",7
70952,"Vegetables; mushrooms of the genus Boletus, fresh or chilled",7
70952,"Vegetables; truffles, fresh or chilled",7
70953,"Vegetables; mushrooms of the genus Cantharellus, fresh or chilled",7
70954,"Vegetables; shiitake mushrooms (Lentinus edodes), fresh or chilled",7
70955,"Vegetables; matsutake mushrooms (Tricholoma matsutake, Tricholoma magnivelare, Tricholoma anatolicum, Tricholoma dulciolens, Tricholoma caligatum), fresh or chilled",7
70956,"Vegetables; truffles (Tuber spp.), fresh or chilled",7
70959,"Vegetables; truffles and mushrooms n.e.c. in heading 0709, fresh or chilled",7
70959,"Vegetables; truffles and mushrooms (other than of the genus Agaricus), fresh or chilled",7
70959,"Vegetables; mushrooms other than of the genus Agaricus, fresh or chilled",7
70960,"Vegetables; fruits of the genus capsicum or of the genus pimenta, fresh or chilled",7
70960,Vegetables; fruits of the genus capsicum or of the genus pimenta,7
70970,"Vegetables; spinach, New Zealand spinach and orache spinach (garden spinach), fresh or chilled",7
70990,"Vegetables; edible, n.e.c. in chapter 7, fresh or chilled",7
70990,"Vegetables; edible, n.e.s. in chapter 7, fresh or chilled",7
70991,"Vegetables; globe artichokes, fresh or chilled",7
70992,"Vegetables; olives, fresh or chilled",7
70993,"Vegetables; pumpkins, squash and gourds (Cucurbita spp.), fresh or chilled",7
70999,"Vegetables; edible, n.e.c. in chapter 07, fresh or chilled",7
71010,"Vegetables; potatoes, uncooked or cooked by steaming or boiling in water, frozen",7
71021,"Vegetables, leguminous; peas (pisum sativum), shelled or unshelled, uncooked or cooked by steaming or boiling in water, frozen",7
71022,"Vegetables, leguminous; beans (vigna spp., phaseolus spp.), shelled or unshelled, uncooked or cooked by steaming or boiling in water, frozen",7
71029,"Vegetables, leguminous; (other than peas or beans), shelled or unshelled, uncooked or cooked by steaming or boiling in water, frozen",7
71030,"Vegetables; spinach, New Zealand spinach and orache spinach (garden spinach), uncooked or cooked by steaming or boiling in water, frozen",7
71040,"Vegetables; sweetcorn, uncooked or cooked by steaming or boiling in water, frozen",7
71080,"Vegetables; uncooked or cooked by steaming or boiling in water, n.e.c. in heading no. 0710, frozen",7
71080,"Vegetables; uncooked or cooked by steaming or boiling in water, frozen, n.e.c. in chapter 7",7
71080,"Vegetables; uncooked or cooked by steaming or boiling in water, frozen, n.e.s. in chapter 7",7
71090,"Vegetable mixtures; uncooked or cooked by steaming or boiling in water, frozen",7
71110,"Vegetables; onions, provisionally preserved by sulphur dioxide gas, but unsuitable in that state for immediate consumption",7
71120,"Vegetables; olives, provisionally preserved but unsuitable in that state for immediate consumption",7
71130,"Vegetables; capers, provisionally preserved but unsuitable in that state for immediate consumption",7
71140,"Vegetables; cucumbers and gherkins, provisionally preserved but unsuitable in that state for immediate consumption",7
71151,"Vegetables; mushrooms of the genus Agaricus, provisionally preserved but unsuitable in that state for immediate consumption",7
71159,"Vegetables; mushrooms other than of the genus Agaricus, provisionally preserved but unsuitable in that state for immediate consumption",7
71190,"Vegetables and mixed vegetables; n.e.c. in heading no. 0711, provisionally preserved but unsuitable in that state for immediate consumption",7
71190,"Vegetables and mixed vegetables; n.e.s. in heading no. 0711, provisionally preserved but unsuitable in that state for immediate consumption",7
71210,"Vegetables; potatoes, whether or not cut or sliced but not further prepared, dried",7
71220,"Vegetables; onions, whole, cut, sliced, broken or in powder but not further prepared, dried",7
71230,"Vegetables; mushrooms and truffles, whole, cut, sliced, broken or in powder but not further prepared, dried",7
71231,"Vegetables; mushrooms of the genus Agaricus, whole, cut, sliced, broken or in powder but not further prepared, dried",7
71232,"Vegetables; wood ears (Auricularia spp), whole, cut, sliced, broken or in powder but not further prepared, dried",7
71233,"Vegetables; jelly fungi (Tremella spp)), whole, cut, sliced, broken or in powder but not further prepared, dried",7
71234,"Vegetables; shiitake mushrooms (Lentinus edodes), whole, cut, sliced, broken or in powder but not further prepared, dried",7
71239,"Vegetables; mushrooms and truffles n.e.c. in item 0712.3, whole, cut, sliced, broken or in powder but not further prepared, dried",7
71239,"Vegetables; mushrooms, other than the genus Agaricus and truffles, whole, cut, sliced, broken or in powder but not further prepared, dried",7
71290,"Vegetables; mixtures of vegetables n.e.c. in heading no. 0712, whole, cut, sliced, broken or in powder but not further prepared, dried",7
71290,"Vegetables; mixtures of vegetables n.e.s. in heading no. 0712, whole, cut, sliced, broken or in powder but not further prepared, dried",7
71310,"Vegetables, leguminous; peas (pisum sativum), shelled, whether or not skinned or split, dried",7
71320,"Vegetables, leguminous; chickpeas (garbanzos), shelled, whether or not skinned or split, dried",7
71331,"Vegetables, leguminous; beans of the species vigna mungo (l.) hepper or vigna radiata (l.) wilczek, shelled, whether or not skinned or split, dried",7
71331,"Vegetables, leguminous; beans of the species vigna mungo (l.) hepper or vigna radiata (l.) wilczek, dried, shelled, whether or not skinned or split",7
71332,"Vegetables, leguminous; small red (adzuki) beans (phaseolus or vigna angularis), shelled, whether or not skinned or split, dried",7
71332,"Vegetables, leguminous; small red (adzuki) beans (phaseolus or vigna angularis), shelled, dried, whether or not skinned or split",7
71333,"Vegetables, leguminous; kidney beans, including white pea beans (phaseolus vulgaris), shelled, whether or not skinned or split, dried",7
71333,"Vegetables, leguminous; kidney beans, including white pea beans (phaseolus vulgaris), dried, shelled, whether or not skinned or split",7
71334,"Vegetables, leguminous; bambara beans (Vigna subterranea or Voandzeia subterranea), shelled, whether or not skinned or split, dried",7
71335,"Vegetables, leguminous; cow peas (Vigna unguiculata), shelled, whether or not skinned or split, dried",7
71339,"Vegetables, leguminous; n.e.c. in item no. 0713.3, shelled, whether or not skinned or split, dried",7
71339,"Vegetables, leguminous; n.e.c. in item no. 0713.30, dried, shelled, whether or not skinned or split",7
71339,"Vegetables, leguminous; n.e.s. in item no. 0713.30, dried, shelled, whether or not skinned or split",7
71340,"Vegetables, leguminous; lentils, shelled, whether or not skinned or split, dried",7
71350,"Vegetables, leguminous; broad beans (vicia faba var. major) and horse beans (vicia faba var. equina, vicia faba var. minor), shelled, whether or not skinned or split, dried",7
71350,"Vegetables, leguminous; broad beans (vicia faba var. major) and horse beans (vicia faba var. equina and vicia faba var. minor), shelled, whether or not skinned or split, dried",7
71350,"Vegetables, leguminous; broad beans (vicia faba var. major) and horse beans (vicia faba var. equina and vicia faba var. minor), dried, shelled, whether or not skinned or split",7
71360,"Vegetables, leguminous; pigeon peas (Cajanus cajan), shelled, whether or not skinned or split, dried",7
71390,"Vegetables, leguminous; n.e.c. in heading no. 0713, shelled, whether or not skinned or split, dried",7
71390,"Vegetables, leguminous; n.e.s. in heading no. 0713, shelled, whether or not skinned or split, dried",7
71410,"Vegetable roots and tubers; manioc (cassava), with high starch or inulin content, fresh, chilled, frozen or dried, whether or not sliced or in the form of pellets",7
71410,"Vegetable roots and tubers; manioc (cassava), with high starch or inulin content, whether or not sliced or in the form of pellets, fresh or dried",7
71420,"Vegetable roots and tubers; sweet potatoes, with high starch or inulin content, fresh, chilled, frozen or dried, whether or not sliced or in the form of pellets",7
71420,"Vegetable roots and tubers; sweet potatoes, with high starch or inulin content, whether or not sliced or in the form of pellets, fresh or dried",7
71430,"Vegetable roots and tubers; yams (Dioscorea spp.) with high starch or inulin content, fresh, chilled, frozen or dried, whether or not sliced or in the form of pellets",7
71440,"Vegetable roots and tubers; taro (Colocasia spp.) with high starch or inulin content, fresh, chilled, frozen or dried, whether or not sliced or in the form of pellets",7
71450,"Vegetable roots and tubers; yautia (Xanthosoma spp.) with high starch or inulin content, fresh, chilled, frozen or dried, whether or not sliced or in the form of pellets",7
71490,"Vegetable roots and tubers; arrowroot, salep, Jerusalem artichokes and similar roots and tubers (not manioc, sweet potatoes, yams, taro or yautia), high starch or inulin content, fresh, chilled, frozen, dried, sliced or not, or in pellet form; sago pith",7
71490,"Vegetable roots and tubers; arrowroot, salep, Jerusalem artichokes and similar roots and tubers (not manioc or sweet potatoes), high starch or inulin content, fresh chilled, frozen or dried, whether or not sliced or in the form of pellets; sago pith",7
71490,"Vegetable roots and tubers; arrowroot, salep, Jerusalem artichokes and similar roots and tubers, high starch or inulin content, whether or not sliced or in the form of pellets, fresh or dried; sago pith",7
80110,"Nuts, edible; coconuts, fresh or dried, whether or not shelled or peeled",7
80111,"Nuts, edible; coconuts, desiccated",8
80111,"Nuts, edible; coconuts, fresh or dried, whether or not shelled or peeled, desiccated",8
80112,"Nuts, edible; coconuts, in the inner shell (endocarp)",8
80119,"Nuts, edible; coconuts, fresh or dried, other than desiccated or in the inner shell (endocarp)",8
80119,"Nuts, edible; coconuts, fresh or dried, whether or not shelled or peeled, other than desiccated",8
80120,"Nuts, edible; Brazil nuts, fresh or dried, whether or not shelled or peeled",8
80121,"Nuts, edible; brazil nuts, fresh or dried, in shell",8
80121,"Nuts, edible; brazil nuts, in shell, fresh or dried",8
80122,"Nuts, edible; brazil nuts, fresh or dried, shelled",8
80122,"Nuts, edible; brazil nuts, shelled, fresh or dried",8
80130,"Nuts, edible; cashew nuts, fresh or dried, whether or not shelled or peeled",8
80131,"Nuts, edible; cashew nuts, fresh or dried, in shell",8
80131,"Nuts, edible; cashew nuts, in shell, fresh or dried",8
80132,"Nuts, edible; cashew nuts, fresh or dried, shelled",8
80132,"Nuts, edible; cashew nuts, shelled, fresh or dried",8
80211,"Nuts, edible; almonds, fresh or dried, in shell",8
80212,"Nuts, edible; almonds, fresh or dried, shelled",8
80221,"Nuts, edible; hazelnuts or filberts (corylus spp.), fresh or dried, in shell",8
80222,"Nuts, edible; hazelnuts or filberts (corylus spp.), fresh or dried, shelled",8
80231,"Nuts, edible; walnuts, fresh or dried, in shell",8
80232,"Nuts, edible; walnuts, fresh or dried, shelled",8
80240,"Nuts, edible; chestnuts (castanea spp.), fresh or dried, whether or not shelled or peeled",8
80241,"Nuts, edible; chestnuts (Castanea spp.), fresh or dried, in shell",8
80242,"Nuts, edible; chestnuts (Castanea spp.), fresh or dried, shelled",8
80250,"Nuts, edible; pistachios, fresh or dried, whether or not shelled or peeled",8
80251,"Nuts, edible; pistachios, fresh or dried, in shell",8
80252,"Nuts, edible; pistachios, fresh or dried, shelled",8
80260,"Nuts, edible; macadamia, fresh or dried, whether or not shelled or peeled",8
80261,"Nuts, edible; macadamia, fresh or dried, in shell",8
80262,"Nuts, edible; macadamia, fresh or dried, shelled",8
80270,"Nuts, edible; kola nuts (Cola spp.), fresh or dried, whether or not shelled or peeled",8
80280,"Nuts, edible; areca nuts, fresh or dried, whether or not shelled or peeled",8
80290,"Nuts, edible; n.e.c. in heading no. 0801 and 0802, fresh or dried, whether or not shelled or peeled",8
80290,"Nuts, edible; n.e.s. in heading no. 0801 and 0802, fresh or dried, whether or not shelled or peeled",8
80291,"Nuts, edible; pine nuts, fresh or dried, in shell",8
80292,"Nuts, edible; pine nuts, fresh or dried, shelled",8
80299,"Nuts, edible; n.e.c. in heading 0801 and 0802, fresh or dried, whether or not shelled or peeled",8
80300,"Fruit, edible; bananas, (including plantains), fresh or dried",8
80310,"Fruit, edible; plantains, fresh or dried",8
80390,"Fruit, edible; bananas, other than plantains, fresh or dried",8
80410,"Fruit, edible; dates, fresh or dried",8
80420,"Fruit, edible; figs, fresh or dried",8
80430,"Fruit, edible; pineapples, fresh or dried",8
80440,"Fruit, edible; avocados, fresh or dried",8
80450,"Fruit, edible; guavas, mangoes and mangosteens, fresh or dried",8
80510,"Fruit, edible; oranges, fresh or dried",8
80520,"Fruit, edible; mandarins (including tangerines and satsumas), clementines, wilkings and similar citrus hybrids, fresh or dried",8
80521,"Fruit, edible; mandarins (including tangerines and satsumas), fresh or dried",8
80522,"Fruit, edible; clementines, fresh or dried",8
80529,"Fruit, edible; tangelos, wilkings and similar citrus hybrid, fresh or dried",8
80530,"Fruit, edible; lemons (citrus limon, citrus limonum), limes (citrus aurantifolia)",8
80540,"Fruit, edible; grapefruit and pomelos, fresh or dried",8
80540,"Fruit, edible; grapefruit, including pomelos, fresh or dried",8
80540,"Fruit, edible; grapefruit (including pomelos), fresh or dried",8
80540,"Fruit, edible; grapefruit, fresh or dried",8
80550,"Fruit, edible; lemons (Citrus limon, Citrus limonum), limes (Citrus aurantifolia, Citrus latifolia), fresh or dried",8
80550,"Fruit, edible; lemons (Citrus limon, Citrus limonum), limes (Citrus aurantifolia , Citrus latifolia), fresh or dried",8
80590,"Fruit, edible; citrus fruit n.e.c. in heading no. 0805, fresh or dried",8
80590,"Fruit, edible; citrus fruit n.e.s. in heading no. 0805, fresh or dried",8
80610,"Fruit, edible; grapes, fresh",8
80620,"Fruit, edible; grapes, dried",8
80710,"Fruit, edible; melons (including watermelons), fresh",8
80711,"Fruit, edible; watermelons, fresh",8
80719,"Fruit, edible; melons, other than watermelons, fresh",8
80719,"Fruit, edible; melons, (other than watermelons), fresh",8
80720,"Fruit, edible; papaws (papayas), fresh",8
80810,"Fruit, edible; apples, fresh",8
80820,"Fruit, edible; pears and quinces, fresh",8
80830,"Fruit, edible; pears, fresh",8
80840,"Fruit, edible; quinces, fresh",8
80910,"Fruit, edible; apricots, fresh",8
80920,"Fruit, edible; cherries, fresh",8
80921,"Fruit, edible; sour cherries (Prunus cerasus), fresh",8
80929,"Fruit, edible; cherries, other than sour cherries (Prunus cerasus), fresh",8
80930,"Fruit, edible; peaches, including nectarines, fresh",8
80930,"Fruit, edible; peaches including nectarines, fresh",8
80940,"Fruit, edible; plums and sloes, fresh",8
81010,"Fruit, edible; strawberries, fresh",8
81020,"Fruit, edible; raspberries, blackberries, mulberries, and loganberries, fresh",8
81020,"Fruit, edible; raspberries, blackberries, mulberries and loganberries, fresh",8
81030,"Fruit, edible; black, white or red currants and gooseberries, fresh",8
81040,"Fruit, edible; cranberries, bilberries and other fruits of the genus vaccinium, fresh",8
81050,"Fruit, edible; kiwifruit, fresh",8
81050,"Fruit, edible; kiwifruit, fresh",8
81060,"Fruit, edible; durians, fresh",8
81070,"Fruit, edible; persimmons, fresh",8
81090,"Fruit, edible; fruits n.e.c. in heading no. 0801 to 0810, fresh",8
81090,"Fruit, edible; fruits n.e.s. in heading no. 0801 to 0810, fresh",8
81110,"Fruit, edible; strawberries, uncooked or cooked by steaming or boiling in water, frozen, whether or not containing added sugar or other sweetening matter",8
81120,"Fruit, edible; raspberries, blackberries, mulberries, loganberries, black, white or red currants and gooseberries, uncooked or cooked, whether or not containing added sugar or other sweetening matter",8
81190,"Fruit, edible; fruit and nuts n.e.c. in heading no. 0811, uncooked or cooked, frozen whether or not containing added sugar or other sweetening matter",8
81190,"Fruit, edible; fruit and nuts n.e.s. in heading no. 0811, uncooked or cooked, frozen whether or not containing added sugar or other sweetening matter",8
81210,"Fruit, edible; cherries, provisionally preserved, but unsuitable in that state for immediate consumption",8
81220,"Fruit, edible; strawberries, provisionally preserved, but unsuitable in that state for immediate consumption",8
81290,"Fruit, edible; fruit and nuts n.e.c. in heading no. 0812, provisionally preserved, but unsuitable in that state for immediate consumption",8
81290,"Fruit, edible; fruit and nuts n.e.s. in heading no. 0812, provisionally preserved, but unsuitable in that state for immediate consumption",8
81310,"Fruit, edible; apricots, dried",8
81320,"Fruit, edible; prunes, dried",8
81330,"Fruit, edible; apples, dried",8
81340,"Fruit, edible; fruit n.e.c. in heading no. 0812, dried",8
81340,"Fruit, edible; fruit n.e.s. in heading no. 0812, dried",8
81350,"Nuts, edible; mixtures of nuts or dried fruits of chapter 08",8
81350,"Nuts, edible; mixtures of nuts or dried fruits of chapter 8",8
81400,"Peel; of citrus fruit or melons (including watermelons), fresh, frozen, dried or provisionally preserved in brine, in sulphur water and other preservative solutions",8
90111,Coffee; not roasted or decaffeinated,8
90112,"Coffee; decaffeinated, not roasted",9
90121,"Coffee; roasted, not decaffeinated",9
90122,"Coffee; roasted, decaffeinated",9
90130,Coffee; husks and skins,9
90140,"Coffee; substitutes containing coffee, in any proportion",9
90190,"Coffee; husks and skins, coffee substitutes containing coffee in any proportion",9
90210,"Tea, green; (not fermented), in immediate packings of a content not exceeding 3kg",9
90220,"Tea, green; (not fermented), in immediate packings of a content exceeding 3kg",9
90230,"Tea, black; (fermented) and partly fermented tea, in immediate packings of a content not exceeding 3kg",9
90240,"Tea, black; (fermented) and partly fermented tea, in immediate packings of a content exceeding 3kg",9
90300,Mate,9
90411,"Spices; pepper (of the genus piper), neither crushed nor ground",9
90412,"Spices; pepper (of the genus piper), crushed or ground",9
90420,"Spices; fruits of the genus capsicum or pimenta, dried or crushed or ground",9
90421,"Spices; fruits of the genus Capsicum or Pimenta, dried, neither crushed nor ground",9
90422,"Spices; fruits of the genus Capsicum or Pimenta, crushed or ground",9
90500,Spices; vanilla,9
90510,"Spices; vanilla, neither crushed nor ground",9
90520,"Spices; vanilla, crushed or ground",9
90610,"Spices; cinnamon and cinnamon-tree flowers, neither crushed nor ground",9
90611,"Spices; cinnamon (Cinnamomum zeylanicum Blume), neither crushed nor ground",9
90619,"Spices; cinnamon and cinnamon-tree flowers, other than cinnamon (Cinnamomum zeylanicum Blume), neither crushed nor ground",9
90620,"Spices; cinnamon and cinnamon-tree flowers, crushed or ground",9
90700,"Spices; cloves (whole fruit, cloves and stems)",9
90710,"Spices; cloves (whole fruit, cloves and stems), neither crushed nor ground",9
90720,"Spices; cloves (whole fruit, cloves and stems), crushed or ground",9
90810,Spices; nutmeg,9
90811,"Spices; nutmeg, neither crushed nor ground",9
90812,"Spices; nutmeg, crushed or ground",9
90820,Spices; mace,9
90821,"Spices; mace, neither crushed nor ground",9
90822,"Spices; mace, crushed or ground",9
90830,Spices; cardamoms,9
90831,"Spices; cardamoms, neither crushed nor ground",9
90832,"Spices; cardamoms, crushed or ground",9
90910,Spices; anise or badian seeds,9
90920,Spices; coriander seeds,9
90921,"Spices; coriander seeds, neither crushed nor ground",9
90922,"Spices; coriander seeds, crushed or ground",9
90930,Spices; cumin seeds,9
90931,"Spices; cumin seeds, neither crushed nor ground",9
90932,"Spices; cumin seeds, crushed or ground",9
90940,Spices; caraway seeds,9
90950,Spices; fennel or juniper seeds,9
90961,"Spices; seeds of anise, badian, caraway or fennel; juniper berries, neither crushed nor ground",9
90962,"Spices; seeds of anise, badian, caraway or fennel; juniper berries, crushed or ground",9
91010,Spices; ginger,9
91011,"Spices; ginger, neither crushed nor ground",9
91012,"Spices; ginger, crushed or ground",9
91020,Spices; saffron,9
91030,Spices; turmeric (curcuma),9
91040,"Herbs; thyme, bay leaves",9
91050,Curry,9
91091,Spices; mixtures of 2 or more products of different headings,9
91091,Spices; mixtures,9
91099,Spices; n.e.c. in heading no. 0910,9
91099,Spices; mixtures of 2 or more products of the same heading,9
100110,Cereals; durum wheat,9
100111,"Cereals; wheat and meslin, durum wheat, seed",10
100119,"Cereals; wheat and meslin, durum wheat, other than seed",10
100190,Cereals; meslin and wheat other than durum,10
100191,"Cereals; wheat and meslin, other than durum wheat, seed",10
100199,"Cereals; wheat and meslin, other than durum wheat, other than seed",10
100200,Cereals; rye,10
100210,"Cereals; rye, seed",10
100290,"Cereals; rye, other than seed",10
100300,Cereals; barley,10
100310,"Cereals; barley, seed",10
100390,"Cereals; barley, other than seed",10
100400,Cereals; oats,10
100410,"Cereals; oats, seeds",10
100490,"Cereals; oats, other than seed",10
100510,"Cereals; maize (corn), seed",10
100590,"Cereals; maize (corn), other than seed",10
100610,Cereals; rice in the husk (paddy or rough),10
100620,Cereals; husked (brown) rice,10
100630,"Cereals; rice, semi-milled or wholly milled, whether or not polished or glazed",10
100640,"Cereals; rice, broken",10
100700,Cereals; grain sorghum,10
100710,"Cereals; grain sorghum, seed",10
100790,"Cereals; grain sorghum, other than seed",10
100810,Cereals; buckwheat,10
100820,Cereals; millet,10
100821,"Cereals; millet, seed",10
100829,"Cereals; millet, other than seed",10
100830,Cereals; canary seeds,10
100830,Cereals; canary seed,10
100840,Cereals; fonio (Digitaria spp.),10
100850,Cereals; quinoa (Chenopodium quinoa),10
100860,Cereals; triticale,10
100890,Cereals; n.e.c. in chapter 10,10
100890,Cereals; n.e.s. in chapter 10,10
110100,Wheat or meslin flour,10
110210,Cereal flour; of rye,11
110220,Cereal flour; of maize (corn),11
110230,Cereal flour; of rice,11
110290,"Cereal flours; other than wheat, meslin, and maize (corn)",11
110290,Cereal flours; n.e.c. in heading no. 1102,11
110290,Cereal flours; n.e.s. in heading no. 1102,11
110311,Cereal groats and meal; of wheat,11
110312,Cereal groats and meal; of oats,11
110313,Cereal groats and meal; of maize (corn),11
110314,Cereal groats and meal; of rice,11
110319,Cereal groats and meal; n.e.c. in heading no. 1103,11
110319,Cereal groats and meal; n.e.s. in heading no. 1103,11
110320,Cereal pellets,11
110321,Cereal pellets; of wheat,11
110329,Cereal pellets; of cereals other than wheat,11
110411,"Cereal grains; rolled or flaked, of barley",11
110412,"Cereal grains; rolled or flaked, of oats",11
110419,"Cereal grains; rolled or flaked, other than oats",11
110419,"Cereal grains; rolled or flaked, of cereals excluding barley and oats",11
110421,"Cereal grains; worked (eg hulled, pearled, sliced or kibbled) of barley",11
110422,"Cereal grains; worked (e.g. hulled, pearled, sliced or kibbled) of oats",11
110422,"Cereal grains; worked (egg hulled, pearled, sliced or kibbled) of oats",11
110422,"Cereal grains; worked (eg hulled, pearled, sliced or kibbled) of oats",11
110423,"Cereal grains; worked (e.g. hulled, pearled, sliced or kibbled) of maize (corn)",11
110423,"Cereal grains; worked (egg hulled, pearled, sliced or kibbled) of maize (corn)",11
110423,"Cereal grains; worked (eg hulled, pearled, sliced or kibbled) of maize (corn)",11
110429,"Cereal grains; worked, other than rolled or flaked (e.g. Hulled, pearled, sliced or kibbled) of cereals, excluding oats and maize, and rice of heading no.1006",11
110429,"Cereal grains; worked, other than rolled or flaked (egg. Hulled, pearled, sliced or kibbled) of cereals, excluding oats and maize, and rice of heading no.1006",11
110429,"Cereal grains; worked, other than rolled or flaked (eg. Hulled, pearled, sliced or kibbled) of cereals, excluding oats and maize, and rice of heading no.1006",11
110429,"Cereal grains; worked (eg hulled, pearled, sliced or kibbled) of cereals n.e.s. in item no. 1104.2, except rice of heading no. 1006",11
110430,"Cereal; germ of cereals, whole, rolled, flaked or ground",11
110510,"Flour, meal and powder; of potatoes",11
110510,Flour and meal; of potatoes,11
110520,"Flakes, granules and pellets; of potatoes",11
110520,Flakes; of potatoes,11
110610,"Flour, meal and powder; of the dried leguminous vegetables of heading no. 0713",11
110610,Flour and meal; of the dried leguminous vegetables of heading no. 0713,11
110620,"Flour, meal and powder; of sago or of roots or tubers of heading no. 0714",11
110620,"Flour and meal; of sago, roots or tubers of heading no. 0714",11
110630,"Flour, meal and powder; of the products of chapter 8",11
110710,Malt; not roasted,11
110720,Malt; roasted,11
110811,Starch; wheat,11
110812,Starch; maize (corn) starch,11
110813,Starch; potato,11
110814,Starch; manioc (cassava),11
110819,Starch; n.e.c. in item no. 1108.11 to 1108.14,11
110819,Starch; n.e.s. in item no. 1108.11 to 1108.14,11
110820,Inulin,11
110900,Wheat gluten; whether or not dried,11
120100,Soya beans; whether or not broken,11
120110,"Soya beans; seed, whether or not broken",12
120190,"Soya beans; other than seed, whether or not broken",12
120210,"Ground-nuts; in shell, not roasted or otherwise cooked",12
120220,"Ground-nuts; shelled, not roasted or otherwise cooked, whether or not broken",12
120230,"Ground-nuts; seed, not roasted or otherwise cooked, whether or not shelled or broken",12
120241,"Ground-nuts; other than seed, not roasted or otherwise cooked, in shell",12
120242,"Ground-nuts; other than seed, not roasted or otherwise cooked, shelled, whether or not broken,",12
120300,Copra,12
120400,"Oil seeds; linseed, whether or not broken",12
120500,"Oil seeds; rape or colza seeds, whether or not broken",12
120510,"Oil seeds; low erucic acid rape or colza seeds, whether or not broken",12
120590,"Oil seeds; rape or colza seeds, other than low erucic, whether or not broken",12
120600,"Oil seeds; sunflower seeds, whether or not broken",12
120710,"Oil seeds; palm nuts and kernels, whether or not broken",12
120710,"Oleaginous fruits; palm nuts and kernels, whether or not broken",12
120720,"Oil seeds; cotton seeds, whether or not broken",12
120721,"Oil seeds; cotton seeds, seed, whether or not broken",12
120729,"Oil seeds; cotton seeds, other than seed, whether or not broken",12
120730,"Oil seeds; castor oil seeds, whether or not broken",12
120740,"Oil seeds; sesamum seeds, whether or not broken",12
120750,"Oil seeds; mustard seeds, whether or not broken",12
120760,"Oil seeds; safflower (Carthamus tinctorius) seeds, whether or not broken",12
120760,"Oil seeds; safflower seeds, whether or not broken",12
120770,"Oil seeds; melon seeds, whether or not broken",12
120791,"Oil seeds; poppy seeds, whether or not broken",12
120792,Oleaginous fruits; shea nuts (karite nuts),12
120799,"Oil seeds and oleaginous fruits; n.e.c. in heading no. 1207, whether or not broken",12
120799,"Oil seeds and oleaginous fruits; n.e.s. in heading no. 1207, whether or not broken",12
120810,Flours and meals; of soya beans,12
120890,Flours and meals of oil seeds or oleaginous fruits; excluding soya beans and mustard seeds,12
120910,"Seed; sugar beet seeds, of a kind used for sowing",12
120910,"Seed; sugar beet seed, of a kind used for sowing",12
120911,"Seed; sugar beet seed, of a kind used for sowing",12
120919,"Seed; beet seed, (excluding sugar beet), of a kind used for sowing",12
120921,"Seeds of forage plants; lucerne (alfalfa) seeds, of a kind used for sowing",12
120921,"Seed; lucerne (alfalfa) seed, of a kind used for sowing",12
120922,"Seeds of forage plants; clover (Trifolium spp.) seeds, of a kind used for sowing",12
120922,"Seed; clover (trifolium spp.) seed, of a kind used for sowing",12
120923,"Seeds of forage plants; fescue seeds, of a kind used for sowing",12
120923,"Seed; fescue, of a kind used for sowing",12
120924,"Seeds of forage plants; Kentucky blue grass (Poa pratensis L.) seeds, of a kind used for sowing",12
120924,"Seed; kentucky blue grass (poa pratensis l.) seed, of a kind used for sowing",12
120925,"Seeds of forage plants; rye grass (Lolium multiflorum Lam., Lolium perenne L.) seeds, of a kind used for sowing",12
120925,"Seed; rye grass (lolium multiflorum lam., lolium perenne l.) seed, of a kind used for sowing",12
120926,"Seed; timothy grass seed, of a kind used for sowing",12
120929,"Seeds of forage plants; other than lucerne, clover, fescue, Kentucky blue grass, and rye grass seeds, of a kind used for sowing",12
120929,"Seed; of forage plants, n.e.c. in item no.1209.2",12
120929,"Seed; of forage plants, n.e.s. in item no.1209.2",12
120929,"Seed; of forage plants, other than beet seed, n.e.s. in item no. 1209.2",12
120930,"Seeds of herbaceous plants; cultivated principally for their flowers, of a kind used for sowing",12
120930,"Seed; of herbaceous plants cultivated principally for their flowers, of a kind used for sowing",12
120991,"Seeds; vegetable seeds, of a kind used for sowing",12
120991,"Seed; vegetable seed, of a kind used for sowing",12
120999,"Seeds; n.e.c. in heading 1209, of a kind used for sowing",12
120999,"Seed; n.e.c. in heading no. 1209, of a kind used for sowing",12
120999,"Seed; n.e.s. in heading no. 1209, of a kind used for sowing",12
121010,Hop cones; neither ground nor powdered nor in the form of pellets,12
121020,"Hop cones; ground, powdered or in the form of pellets; lupulin",12
121110,"Liquorice roots used primarily in perfumery, in pharmacy or for insecticidal, fungicidal or similar purposes; fresh or dried, whether or not cut, crushed or powdered",12
121120,"Ginseng roots, of a kind used primarily in perfumery, in pharmacy or for insecticidal, fungicidal or similar purposes, fresh, chilled, frozen or dried, whether or not cut, crushed or powdered",12
121120,"Ginseng roots, used primarily in perfumery, in pharmacy or for insecticidal, fungicidal or similar purposes; fresh or dried, whether or not cut, crushed or powdered",12
121130,"Coca leaf; of a kind used primarily in perfumery, in pharmacy or for insecticidal, fungicidal or similar purposes, fresh, chilled, frozen or dried, whether or not cut, crushed or powdered",12
121130,"Coca leaf; used primarily in perfumery, in pharmacy or for insecticidal, fungicidal or similar purposes, fresh or dried, whether or not crushed or powdered",12
121140,"Poppy straw; of a kind used primarily in perfumery, in pharmacy or for insecticidal, fungicidal or similar purposes, fresh, chilled, frozen or dried, whether or not cut, crushed or powdered",12
121140,"Poppy straw; used primarily in perfumery, in pharmacy or for insecticidal, fungicidal or similar purposes, fresh or dried, whether or not crushed or powdered",12
121150,"Ephedra, of a kind used primarily in perfumery, in pharmacy or for insecticidal, fungicidal or similar purposes, fresh, chilled, frozen or dried, whether or not cut, crushed or powdered",12
121160,"Bark of African cherry (Prunus africana); of a kind used primarily in perfumery, in pharmacy or for insecticidal, fungicidal or similar purposes, fresh, chilled, frozen or dried, whether or not cut, crushed or powdered",12
121190,"Plants and parts (including seeds and fruits) n.e.c. in heading no. 1211, of a kind used primarily in perfumery, in pharmacy or for insecticidal, fungicidal or similar purposes, fresh, chilled, frozen or dried, whether or not cut, crushed or powdered",12
121190,"Plants and parts (including seeds and fruits) n.e.c. in heading no. 1211, used primarily in perfumery, pharmacy or for insecticidal, fungicidal purposes; fresh or dried, whether or not cut, crushed or powdered",12
121190,"Plants and parts (including seeds and fruits) n.e.s. in heading no. 1211, used primarily in perfumery, pharmacy or for insecticidal, fungicidal purposes; fresh or dried, whether or not cut, crushed or powdered",12
121210,"Locust beans, including locust bean seeds; of a kind used primarily for human consumption, fresh, chilled, frozen or dried, whether or not ground",12
121210,"Locust beans, including locust bean seeds; of a kind used primarily for human consumption, fresh or dried, whether or not ground",12
121220,"Seaweeds and other algae; of a kind used primarily for human consumption, fresh, chilled, frozen or dried, whether or not ground",12
121220,"Seaweeds and other algae; of a kind used primarily for human consumption, fresh or dried, whether or not ground",12
121221,"Seaweeds and other algae; fit for human consumption, fresh, chilled, frozen or dried, whether or not ground",12
121229,"Seaweeds and other algae; not fit for human consumption, fresh, chilled, frozen or dried, whether or not ground",12
121230,"Apricot, peach (including nectarine) or plum stones and kernels; of a kind used primarily for human consumption",12
121230,"Apricot, peach or plum stones and kernels; of a kind used primarily for human consumption",12
121291,"Sugar beet; fit for human consumption, fresh, chilled, frozen or dried, whether or not ground",12
121291,"Sugar beet; of a kind used primarily for human consumption, fresh, chilled, frozen or dried, whether or not ground",12
121291,"Sugar beet; of a kind used primarily for human consumption, fresh or dried, whether or not ground",12
121292,"Locust beans (carob); fit for human consumption, fresh, chilled, frozen or dried, whether or not ground",12
121292,"Sugar cane; of a kind used primarily for human consumption, fresh, chilled, frozen or dried, whether or not ground",12
121292,"Sugar cane; of a kind used primarily for human consumption, fresh or dried, whether or not ground",12
121293,"Sugar cane; fit for human consumption, fresh, chilled, frozen or dried, whether or not ground",12
121294,"Chicory roots (Chicorium intybus sativum); fit for human consumption, fresh, chilled, frozen or dried, whether or not ground",12
121299,"Vegetable products; fit for human consumption, n.e.c. in heading no. 1212, fresh, chilled, frozen or dried, whether or not ground",12
121299,"Vegetable products (including unroasted chicory roots, chicorium intybus sativum variety); n.e.c. in chapter 12, fresh, chilled, frozen or dried, ground or unground, primarily for human consumption",12
121299,"Vegetable products (including unroasted chicory roots, chicorium intybus sativum variety); n.e.s. in chapter 12, fresh, chilled, frozen or dried, ground or unground, primarily for human consumption",12
121299,"Vegetable products (including unroasted chicory roots, chicorium intybus sativum variety); n.e.s. in chapter 12, fresh or dried, ground or unground, primarily for human consumption",12
121300,"Cereal straw and husks; unprepared, whether or not chopped, ground, pressed or in the form of pellets",12
121410,Lucerne (alfalfa) meal and pellets,12
121490,"Forage products including swedes, mangolds, fodder roots, hay, sainfoin, clover, forage kale, lupines, vetches etc., pelletised or otherwise",12
130110,Lac,12
130120,Gum Arabic,13
130190,"Natural gums, resins, gum-resins and oleoresins, n.e.c. in heading no. 1301",13
130190,"Natural gums, resins, gum-resins and oleoresins, n.e.s. in heading no. 1301",13
130190,"Natural gums, resins, gum-resins, balsams, n.e.s. in heading no. 1301",13
130211,Vegetable saps and extracts; opium,13
130212,Vegetable saps and extracts; of liquorice,13
130213,Vegetable saps and extracts; of hops,13
130214,Vegetable saps and extracts; of ephedra,13
130214,Vegetable saps and extracts; of pyrethrum or of the roots of plants containing rotenone,13
130219,Vegetable saps and extracts; n.e.c. in item no. 1302.1,13
130219,Vegetable saps and extracts; n.e.s. in item no. 1302.1,13
130220,Pectic substances; pectinates and pectates,13
130231,"Mucilages and thickeners; agar-agar, whether or not modified, derived from vegetable products",13
130232,"Mucilages and thickeners; whether or not modified, derived from locust beans, locust bean seeds or guar seeds",13
130239,"Mucilages and thickeners; whether or not modified, derived from vegetable products, n.e.c. in item no. 1302.3",13
130239,"Mucilages and thickeners; whether or not modified, derived from vegetable products, n.e.s. in item no. 1302.3",13
140110,Bamboo used primarily for plaiting,13
140120,Rattans used primarily for plaiting,14
140190,Vegetable materials of a kind used primarily for plaiting; n.e.c. in heading no. 1401,14
140190,Vegetable materials of a kind used primarily for plaiting; n.e.s. in heading no. 1401,14
140200,"Vegetable materials of a kind used primarily as stuffing or as padding; (eg kapok, vegetable hair and eel grass), whether or not put up as a layer with or without supporting material",14
140210,Kapok used primarily as stuffing or as padding; whether or not put up as a layer with or without supporting material,14
140290,"Vegetable products; (excluding kapok), of a kind used primarily as stuffing or as padding, whether or not put up as a layer, with or without supporting material",14
140291,Vegetable hair of a kind used primarily as stuffing or as padding; whether or not put up as a layer with or without supporting material,14
140299,Vegetable materials (excluding kapok and vegetable hair) used primarily as stuffing or as padding; whether or not put up as a layer with or without supporting materials,14
140300,"Vegetable materials of a kind used primarily in brooms or brushes; (eg broomcorn, piassava, couch-grass and istle), whether or not in hanks or bundles",14
140310,"Broomcorn (sorghum vulgare var. technicum), of a kind used primarily in brooms or in brushes; whether or not in hanks or bundles",14
140390,"Vegetable materials; (excluding broomcorn) of a kind used primarily in brooms or in brushes, whether or not in hanks or bundles",14
140410,Vegetable products; raw materials used primarily in dyeing or tanning,14
140420,Vegetable products; cotton linters,14
140490,Vegetable products; n.e.c. in chapter 14,14
140490,Vegetable products; n.e.s. in chapter 14,14
150100,"Animal fat; pig and poultry fat (including lard), other than that of heading no. 0209 or 1503",14
150100,"Lard; other pig fat and poultry fat, rendered, whether or not pressed or solvent-extracted",15
150110,"Pig fat; lard, other than that of heading 0209 and 1503",15
150120,"Pig fat; not lard, other than that of heading 0209 or 1503",15
150190,Poultry fat; other than that of heading 0209 or 1503,15
150200,"Fats of bovine animals, sheep or goats; other than those of heading no. 1503",15
150200,"Fats of bovine animals, sheep or goats; raw or rendered, whether or not pressed or solvent-extracted",15
150210,Tallow; other than those of heading 1503,15
150290,"Fats of bovine animals, sheep or goats; excluding tallow, and other than those of heading 1503",15
150300,"Lard stearin, lard oil, oleostearin, oleo-oil and tallow oil; not emulsified or mixed or otherwise prepared",15
150410,"Oils of fish; fish-liver oils and their fractions, whether or not refined, but not chemically modified",15
150420,"Fats and oils and their fractions; of fish, (excluding liver-oils)",15
150430,Fats and oils and their fractions; of marine mammals,15
150500,Wool grease and fatty substances derived therefrom (including lanolin),15
150510,"Animal fats and oils; wool grease, crude",15
150590,Animal fats and oils; wool grease (other than crude) and fatty substances derived therefrom (including lanolin),15
150600,"Animal fats and oils and their fractions; whether or not refined, but not chemically modified, n.e.c. in chapter 15",15
150600,"Animal fats and oils and their fractions; whether or not refined, but not chemically modified, n.e.s. in chapter 15",15
150710,"Vegetable oils; soya-bean oil and its fractions, crude, whether or not degummed, not chemically modified",15
150790,"Vegetable oils; soya-bean oil and its fractions, other than crude, whether or not refined, but not chemically modified",15
150810,"Vegetable oils; ground-nut oil and its fractions, crude, not chemically modified",15
150890,"Vegetable oils; ground-nut oil and its fractions, other than crude, whether or not refined, but not chemically modified",15
150910,"Vegetable oils; olive oil and its fractions, virgin, whether or not refined, but not chemically modified",15
150920,"Vegetable oils; olive oil and its fractions, extra virgin olive oil, whether or not refined, but not chemically modified",15
150930,"Vegetable oils; olive oil and its fractions, virgin olive oil, whether or not refined, but not chemically modified",15
150940,"Vegetable oils; olive oil and its fractions, virgin olive oils n.e.c. in heading 1509, whether or not refined, but not chemically modified",15
150990,"Vegetable oils; olive oil and its fractions, other than virgin, whether or not refined, but not chemically modified",15
151000,"Vegetable oils; oils and their fractions n.e.c. in chapter 15, obtained solely from olives, whether or not refined, but not chemically modified, including blends of these oils or fractions with oils or fractions of heading no. 1509",15
151000,"Vegetable oils; oils and their fractions n.e.s. in chapter 15, obtained solely from olives, whether or not refined, but not chemically modified, including blends of these oils or fractions with oils or fractions of heading no. 1509",15
151010,"Vegetable oils; crude olive pomace oil and their fractions, obtained solely from olives, whether or not refined, but not chemically modified",15
151090,"Vegetable oils; oils and their fractions n.e.c. in heading 1510, obtained solely from olives, whether or not refined, but not chemically modified, including blends of these oils or fractions with oils or fractions of heading no. 1509",15
151110,"Vegetable oils; palm oil and its fractions, crude, not chemically modified",15
151190,"Vegetable oils; palm oil and its fractions, other than crude, whether or not refined, but not chemically modified",15
151211,"Vegetable oils; sunflower seed or safflower oil and their fractions, crude, not chemically modified",15
151219,"Vegetable oils; sunflower seed or safflower oil and their fractions, other than crude, whether or not refined, but not chemically modified",15
151221,"Vegetable oils; cotton-seed oil and its fractions; crude, whether or not gossypol has been removed, not chemically modified",15
151229,"Vegetable oils; cotton-seed oil and its fractions, other than crude, whether or not refined, but not chemically modified",15
151311,"Vegetable oils; coconut (copra) oil and its fractions, crude, not chemically modified",15
151319,"Vegetable oils; coconut (copra) oil and its fractions, other than crude, whether or not refined, but not chemically modified",15
151321,"Vegetable oils; palm kernel or babassu oil and their fractions, crude, not chemically modified",15
151329,"Vegetable oils; palm kernel or babassu oil and their fractions, other than crude, whether or not refined, but not chemically modified",15
151410,"Vegetable oils; rape, colza or mustard oil and their fractions, crude, not chemically modified",15
151411,"Vegetable oils; low erucic acid rape or colza oil and its fractions, crude",15
151419,"Vegetable oils; low erucic acid rape or colza oil and its fractions, other than crude, but not chemically modified",15
151490,"Vegetable oils; rape, colza or mustard oil and their fractions, other than crude, whether or not refined, but not chemically modified",15
151491,"Vegetable oils; excluding low erucic acid rape or colza oil and its fractions, crude",15
151499,"Vegetable oils; excluding low erucic acid rape or colza oil and its fractions, other than crude, but not chemically modified",15
151511,"Vegetable oils; linseed oil and its fractions, crude, not chemically modified",15
151519,"Vegetable oils; linseed oil and its fractions, other than crude, whether or not refined, but not chemically modified",15
151521,"Vegetable oils; maize (corn) oil and its fractions, crude, not chemically modified",15
151529,"Vegetable oils; maize (corn) oil and its fractions, other than crude, whether or not refined, but not chemically modified",15
151530,"Vegetable oils; castor oil and its fractions, whether or not refined, but not chemically modified",15
151540,"Vegetable oils; tung oil and its fractions, whether or not refined, but not chemically modified",15
151550,"Vegetable oils; sesame oil and its fractions, whether or not refined, but not chemically modified",15
151560,"Vegetable oils; microbial fats and oils and their fractions, whether or not refined, but not chemically modified",15
151560,"Vegetable oils; jojoba oil and its fractions, whether or not refined, but not chemically modified",15
151590,"Fixed vegetable fats and oils and their fractions n.e.c. in heading 1515; other than linseed, maize (corn), castor, sesame, microbial oils, whether or not refined, but not chemically modified",15
151590,"Vegetable fats and oils and their fractions; fixed, n.e.c. in heading no. 1515, whether or not refined, but not chemically modified",15
151590,"Vegetable fats and oils and their fractions; fixed, n.e.s. in heading no. 1515, whether or not refined, but not chemically modified",15
151610,"Animal fats and oils and their fractions; partly or wholly hydrogenated, inter-esterified, re-esterified or elaidinised, whether or not refined, but not further prepared",15
151620,"Vegetable fats and oils and their fractions; partly or wholly hydrogenated, inter-esterified, re-esterified or elaidinised, whether or not refined, but not further prepared",15
151630,"Microbial fats and oils and their fractions; partly or wholly hydrogenated, inter-esterified, re-esterified or elaidinised, whether or not refined, but not further prepared",15
151710,Margarine; excluding liquid margarine,15
151790,"Edible mixtures or preparations of animal, vegetable or microbial fats or oils or of fractions of different fats or oils of this Chapter, n.e.c. in heading 1517, other than edible fats and oils or their fractions of heading 15.16",15
151790,"Edible mixtures or preparations of animal or vegetable fats or oils or of fractions of different fats or oils of this chapter, other than edible fats or oils of heading no. 1516",15
151800,"Animal, vegetable or microbial fats, oils and their fractions; boiled, oxidised, dehydrated or otherwise chemically modified, excluding those of heading no. 1516, inedible mixtures or preparations of fats, oils or their fractions, n.e.c. in chapter 15",15
151800,"Animal or vegetable fats and oils and their fractions; oxidised, boiled or otherwise chemically modified, (excluding those of heading no. 1516), inedible mixtures or preparations of fats or oils",15
151911,Stearic acid,15
151912,Oleic acid,15
151913,Tall oil fatty acids,15
151919,Industrial monocarboxylic fatty acids n.e.s. in heading no. 1519,15
151920,Acid oils from refining,15
151930,Industrial fatty alcohols,15
152000,"Glycerol, crude; glycerol waters and glycerol lyes",15
152010,Glycerol (glycerine); crude; glycerol waters and glycerol lyes,15
152090,"Glycerol; n.e.s. in heading no. 1520, including synthetic",15
152110,Vegetable waxes (other than triglycerides); whether or not refined or coloured,15
152190,"Waxes, other than vegetable, n.e.c. in heading no. 1521; whether or not refined or coloured",15
152190,"Waxes, other than vegetable, n.e.s. in heading no. 1521; whether or not refined or coloured",15
152200,Degras; residues resulting from the treatment of fatty substances or animal or vegetable waxes,15
160100,"Meat preparations; sausages and similar products, of meat, meat offal, blood or insects, and food preparations based on these products",15
160100,"Meat preparations; sausages and similar products, of meat, meat offal or blood, and food preparations based on these products",16
160210,"Meat preparations; homogenised preparations of meat, meat offal blood or insects",16
160210,"Meat preparations; homogenised preparations of meat, meat offal or blood",16
160220,Meat preparations; of the prepared or preserved liver of any animal (excluding homogenised preparations),16
160231,"Meat preparations; of turkeys, prepared or preserved meat or meat offal (excluding livers and homogenised preparations)",16
160232,"Meat preparations; of the poultry of heading no. 0105, (i.e. of fowls of the species Gallus domesticus)",16
160232,"Meat preparations; of the poultry of heading no. 0105, (ie of fowls of the species gallus domesticus)",16
160239,"Meat preparations; of poultry (excluding turkeys), prepared or preserved meat or meat offal (excluding livers and homogenised preparations)",16
160241,"Meat preparations; of swine, hams and cuts thereof, prepared or preserved (excluding homogenised preparations)",16
160242,"Meat preparations; of swine, shoulders and cuts thereof, prepared or preserved (excluding homogenised preparations)",16
160249,"Meat preparations; of swine, meat or meat offal (including mixtures), prepared or preserved, n.e.c. in heading no. 1602",16
160249,"Meat preparations; of swine, meat or meat offal (including mixtures), prepared or preserved, n.e.s. in heading no. 1602",16
160250,"Meat preparations; of bovine animals, meat or meat offal, prepared or preserved (excluding livers and homogenised preparations)",16
160290,"Meat preparations; of meat, meat offal or the blood of any animal, n.e.c. in heading no. 1602",16
160290,"Meat preparations; of meat, meat offal or the blood of any animal, n.e.s. in heading no. 1602",16
160300,"Extracts and juices; of meat, fish or crustaceans, molluscs or other aquatic invertebrates",16
160411,"Fish preparations; salmon, prepared or preserved, whole or in pieces (but not minced)",16
160412,"Fish preparations; herrings, prepared or preserved, whole or in pieces (but not minced)",16
160413,"Fish preparations; sardines, sardinella and brisling or sprats, prepared or preserved, whole or in pieces (but not minced)",16
160414,"Fish preparations; tunas, skipjack tuna and bonito (Sarda spp.), prepared or preserved, whole or in pieces (but not minced)",16
160414,"Fish preparations; tunas, skipjack and Atlantic bonito (sarda spp.), prepared or preserved, whole or in pieces (but not minced)",16
160415,"Fish preparations; mackerel, prepared or preserved, whole or in pieces (but not minced)",16
160416,"Fish preparations; anchovies, prepared or preserved, whole or in pieces (but not minced)",16
160417,"Fish preparations; eels, prepared or preserved, whole or in pieces (but not minced)",16
160418,"Fish preparations; shark fins, prepared or preserved, whole or in pieces (but not minced)",16
160419,"Fish preparations; fish prepared or preserved, whole or in pieces (but not minced), n.e.c. in heading no. 1604",16
160419,"Fish preparations; fish prepared or preserved, whole or in pieces (but not minced), n.e.s. in heading no. 1604",16
160420,"Fish preparations; fish minced or in forms n.e.c. in heading no. 1604, prepared or preserved",16
160420,"Fish preparations; fish minced or in forms n.e.s. in heading no. 1604, prepared or preserved",16
160430,Fish preparations; caviar and caviar substitutes,16
160431,Fish preparations; caviar,16
160432,"Fish preparations; caviar substitutes, prepared from fish eggs",16
160510,"Crustacean preparations; crab, prepared or preserved",16
160520,"Crustacean preparations; shrimps and prawns, prepared or preserved",16
160521,"Crustacean preparations; shrimps and prawns, prepared or preserved, not in airtight containers",16
160529,"Crustacean preparations; shrimps and prawns, prepared or preserved, in airtight containers",16
160530,"Crustacean preparations; lobster, prepared or preserved",16
160540,"Crustacean preparations; other than crab, shrimps, prawns, and lobsters, prepared or preserved",16
160540,"Crustacean preparations; prepared or preserved crustaceans (excluding crab, shrimps, prawns and lobster)",16
160551,"Mollusc preparations; oysters, prepared or preserved",16
160552,"Mollusc preparations; scallops, including queen scallops, prepared or preserved",16
160553,"Mollusc preparations; mussels, prepared or preserved",16
160554,"Mollusc preparations; cuttle fish and squid, prepared or preserved",16
160555,"Mollusc preparations; octopus, prepared or preserved",16
160556,"Mollusc preparations; clams, cockles and arkshells, prepared or preserved",16
160557,"Mollusc preparations; abalone, prepared or preserved",16
160558,"Mollusc preparations; snails, other than sea snails, prepared or preserved",16
160559,"Mollusc preparations; n.e.c. in item no. 1605.5, preparations such as pastes, sausages, prepared meals and the like",16
160559,"Mollusc preparations; n.e.c. in item no. 1605.5, prepared or preserved",16
160561,"Aquatic invertebrates; sea cucumbers, prepared or preserved",16
160562,"Aquatic invertebrates; sea urchins, prepared or preserved",16
160563,"Aquatic invertebrates; jellyfish, prepared or preserved",16
160569,"Aquatic invertebrates; other than crustaceans, molluscs, sea cucumbers, sea urchins, and jellyfish, prepared or preserved",16
160590,Molluscs and other aquatic invertebrates; prepared or preserved (excluding crustaceans),16
170111,"Sugars; cane sugar, raw, in solid form, not containing added flavouring or colouring matter",16
170112,"Sugars; beet sugar, raw, in solid form, not containing added flavouring or colouring matter",17
170113,"Sugars; cane sugar, raw, in solid form, as specified in Subheading Note 2 to this chapter, not containing added flavouring or colouring matter",17
170114,"Sugars; cane sugar, raw, in solid form, other than as specified in Subheading Note 2 to this chapter, not containing added flavouring or colouring matter",17
170191,"Sugars; sucrose, chemically pure, in solid form, containing added flavouring or colouring matter",17
170191,"Sucrose; chemically pure, containing added flavouring or colouring matter, in solid form",17
170199,"Sugars; sucrose, chemically pure, in solid form, not containing added flavouring or colouring matter",17
170199,"Sucrose; chemically pure, not containing added flavouring or colouring matter, in solid form",17
170210,"Sugars; lactose, chemically pure, in solid form; lactose syrup, not containing added flavouring or colouring matter",17
170211,"Sugars; lactose and lactose syrup, containing by weight 99% or more lactose, expressed as anhydrous lactose, calculated on the dry matter",17
170219,"Sugars; lactose and lactose syrup, containing by weight less than 99% lactose, expressed as anhydrous lactose, calculated on the dry matter",17
170220,"Sugars; maple sugar, chemically pure, in solid form; maple syrup, not containing added flavouring or colouring matter",17
170220,"Sugars; maple sugar chemically pure, in solid form; maple syrup, not containing added flavouring or colouring matter",17
170230,"Sugars; glucose and glucose syrup, not containing fructose or containing in the dry state less than 20% by weight of fructose, the syrup not containing added flavouring or colouring matter",17
170240,"Sugars; glucose and glucose syrup, containing in the dry state at least 20% but less than 50% by weight of fructose, excluding invert sugar, the syrup not containing added flavouring or colouring matter",17
170240,"Sugars; glucose and glucose syrup, containing in the dry state at least 20% but less than 50% by weight of fructose, the syrup not containing added flavouring or colouring matter",17
170250,"Sugars; fructose, chemically pure, in solid form",17
170260,"Sugars; fructose, other than chemically pure fructose, and fructose syrup (containing in the dry state more than 50% by weight of fructose), excluding invert sugar",17
170260,"Sugars; fructose (excluding chemically pure fructose), in solid form, containing in the dry state more than 50% by weight of fructose; fructose syrup, not containing added flavouring or colouring matter",17
170290,"Sugars; n.e.c. in heading no. 1702, including invert sugar and other sugar and sugar syrup blends containing, in the dry state, 50% by weight of fructose",17
170290,"Sugars; n.e.s. in heading no. 1702, including invert sugar",17
170310,"Sugars; molasses, from sugar cane, resulting from the extraction or refining of sugar",17
170390,"Sugars; molasses, from sugar beet, resulting from the extraction or refining of sugar",17
170410,"Sugar confectionery; chewing gum, whether or not sugar-coated, not containing cocoa",17
170490,"Sugar confectionery; (excluding chewing gum, including white chocolate), not containing cocoa",17
180100,"Cocoa beans; whole or broken, raw or roasted",17
180200,"Cocoa; shells, husks, skins and other cocoa waste",18
180310,"Cocoa; paste, not defatted",18
180320,"Cocoa; paste, wholly or partly defatted",18
180400,"Cocoa; butter, fat and oil",18
180500,"Cocoa; powder, not containing added sugar or other sweetening matter",18
180610,"Cocoa; powder, containing added sugar or other sweetening matter",18
180620,"Chocolate & other food preparations containing cocoa; in blocks, slabs or bars weighing more than 2kg or in liquid, paste, powder, granular or other bulk form in containers or immediate packings, content exceeding 2kg",18
180631,"Chocolate and other food preparations containing cocoa; in blocks, slabs or bars, filled, weighing 2kg or less",18
180632,"Chocolate and other food preparations containing cocoa; in blocks, slabs or bars, (not filled), weighing 2kg or less",18
180690,Chocolate and other food preparations containing cocoa; n.e.c. in chapter 18,18
180690,Chocolate and other food preparations containing cocoa; n.e.s. in chapter 18,18
190110,"Food preparations; of flour, meal, starch, malt extract or milk products, suitable for infants or young children, put up for retail sale",18
190110,"Food preparations; of flour, meal, starch, malt extract or milk products, for infant use, put up for retail sale",19
190120,"Food preparations; mixes and doughs for the preparation of bread, pastry, cakes, biscuits and other bakers' wares",19
190190,"Food preparations; of flour, meal, starch, malt extract or milk products, for uses n.e.c. in heading no. 1901",19
190190,"Food preparations; of flour, meal, starch, malt extract or milk products, for uses n.e.s. in heading no. 1901",19
190211,"Food preparations; pasta, containing eggs, uncooked, not stuffed or otherwise prepared",19
190219,"Food preparations; pasta, uncooked (excluding that containing eggs), not stuffed or otherwise prepared",19
190220,"Food preparations; pasta, stuffed (with meat or other substances), whether or not cooked or otherwise prepared",19
190230,"Food preparations; pasta (excluding stuffed), cooked or otherwise prepared",19
190240,Food preparations; couscous,19
190300,"Food preparations; tapioca and substitutes thereof, prepared from starch in the form of flakes, grains, pearls, siftings or similar",19
190410,Food preparations; obtained by the swelling or roasting of cereals or cereal products,19
190420,Food preparations; obtained from unroasted cereal flakes or from mixtures of unroasted cereal flakes and roasted cereal flakes or swelled cereals,19
190430,"Prepared foods obtained by the swelling or roasting of cereals or cereal products (e.g. corn flakes); cereals, not maize (corn), in grain form or in the form of flakes or other worked grains, from bulgur wheat",19
190430,"Prepared foods obtained by the swelling or roasting of cereals or cereal products (egg corn flakes); cereals, not maize (corn), in grain form or in the form of flakes or other worked grains, from bulgur wheat",19
190430,"Prepared foods obtained by the swelling or roasting of cereals or cereal products (eg corn flakes); cereals, not maize (corn), in grain form or in the form of flakes or other worked grains, from bulgur wheat",19
190490,"Food preparations; cereal or cereal products (excluding maize), in grain form, pre-cooked or otherwise prepared",19
190510,"Food preparations; crispbread, whether or not containing cocoa",19
190520,"Food preparations; gingerbread and the like, whether or not containing cocoa",19
190530,"Food preparations; sweet biscuits, waffles and wafers, whether or not containing cocoa",19
190531,"Food preparations; sweet biscuits, whether or not containing cocoa",19
190532,"Food preparations; waffles and wafers, whether or not containing cocoa",19
190540,"Food preparations; rusks, toasted bread and similar toasted products, whether or not containing cocoa",19
190590,"Food preparations; bakers' wares n.e.c. in heading no. 1605, whether or not containing cocoa; communion wafers, empty cachets suitable for pharmaceutical use, sealing wafers, rice papers and similar products",19
190590,"Food preparations; bakers' wares n.e.s. in heading no. 1605, whether or not containing cocoa; communion wafers, empty cachets suitable for pharmaceutical use, sealing wafers, rice papers and similar products",19
200110,"Vegetable preparations; cucumbers and gherkins, prepared or preserved by vinegar or acetic acid",19
200120,"Vegetable preparations; onions, prepared or preserved by vinegar or acetic acid",20
200190,"Vegetable preparations; vegetables, fruit, nuts and other edible parts of plants, prepared or preserved by vinegar or acetic acid (excluding cucumbers and gherkins)",20
200190,"Vegetable preparations; vegetables, fruit, nuts and other edible parts of plants, prepared or preserved by vinegar or acetic acid (excluding cucumbers, gherkins and onions)",20
200210,"Vegetable preparations; tomatoes, whole or in pieces, prepared or preserved otherwise than by vinegar or acetic acid",20
200290,"Vegetable preparations; tomatoes, (other than whole or in pieces), prepared or preserved otherwise than by vinegar or acetic acid",20
200310,"Vegetable preparations; mushrooms of the genus Agaricus, prepared or preserved otherwise than by vinegar or acetic acid",20
200310,"Vegetable preparations; mushrooms, prepared or preserved otherwise than by vinegar or acetic acid",20
200320,"Vegetable preparations; truffles, prepared or preserved otherwise than by vinegar or acetic acid",20
200390,"Vegetable preparations; mushrooms and truffles, other than mushrooms of the genus Agaricus, prepared or preserved otherwise than by vinegar or acetic acid",20
200390,"Vegetable preparations; mushrooms other than of the genus Agaricus, prepared or preserved otherwise than by vinegar or acetic acid",20
200410,"Vegetable preparations; potatoes, prepared or preserved otherwise than by vinegar or acetic acid, frozen",20
200490,"Vegetable preparations; vegetables and mixtures of vegetables (excluding potatoes), prepared or preserved otherwise than by vinegar or acetic acid, frozen",20
200510,"Vegetable preparations; homogenised vegetables, prepared or preserved otherwise than by vinegar or acetic acid, not frozen",20
200520,"Vegetable preparations; potatoes, prepared or preserved otherwise than by vinegar or acetic acid, not frozen",20
200530,Vegetable preparations; sauerkraut,20
200540,"Vegetable preparations; peas (pisum sativum), prepared or preserved otherwise than by vinegar or acetic acid, not frozen",20
200551,"Vegetable preparations; beans, shelled, prepared or preserved otherwise than by vinegar or acetic acid, not frozen",20
200559,"Vegetable preparations; beans, (not shelled), prepared or preserved otherwise than by vinegar or acetic acid, not frozen",20
200560,"Vegetable preparations; asparagus, prepared or preserved otherwise than by vinegar or acetic acid, not frozen",20
200570,"Vegetable preparations; olives, prepared or preserved otherwise than by vinegar or acetic acid, not frozen",20
200580,"Vegetable preparations; sweetcorn (zea mays var. saccharata), prepared or preserved otherwise than by vinegar or acetic acid, not frozen",20
200590,"Vegetable preparations; vegetables and mixtures of vegetables n.e.s. in heading no. 2005, prepared or preserved otherwise than by vinegar or acetic acid, not frozen",20
200591,"Vegetable preparations; bamboo shoots, prepared or preserved otherwise than by vinegar or acetic acid, not frozen",20
200599,"Vegetable preparations; vegetables and mixtures of vegetables n.e.c. in heading no. 2005, prepared or preserved otherwise than by vinegar or acetic acid, not frozen",20
200600,"Vegetables, fruit, nuts, fruit-peel and other parts of plants, preserved by sugar (drained, glace or crystallised)",20
200600,"Fruit, nuts, fruit-peel and other parts of plants; preserved by sugar (drained, glace or crystallised)",20
200710,"Jams, fruit jellies, marmalades, fruit or nut puree and fruit or nut pastes; homogenised, cooked preparations, whether or not containing added sugar or other sweetening matter",20
200791,"Jams, jellies, marmalades, purees and pastes; of citrus fruit, being cooked preparations (excluding homogenised), whether or not containing added sugar or other sweetening matter",20
200799,"Jams, fruit jellies, marmalades, purees and pastes; of fruit or nuts n.e.c. in heading no. 2007, cooked preparations (excluding homogenised), whether or not containing added sugar or other sweetening matter",20
200799,"Jams, fruit jellies, marmalades, purees and pastes; of fruit or nuts n.e.s. in heading no. 2007, cooked preparations (excluding homogenised), whether or not containing added sugar or other sweetening matter",20
200811,"Nuts; ground-nuts, whether or not containing added sugar, other sweetening matter or spirit",20
200819,"Nuts and other seeds; whether or not containing added sugar, other sweetening matter or spirit (excluding ground-nuts except in mixtures)",20
200820,"Fruit; pineapples, prepared or preserved in ways n.e.c. in heading no. 2007, whether or not containing added sugar, other sweetening matter or spirit",20
200820,"Fruit; pineapples, prepared or preserved in ways n.e.s. in heading no. 2007, whether or not containing added sugar, other sweetening matter or spirit",20
200830,"Fruit; citrus, prepared or preserved in ways n.e.c. in heading no. 2007, whether or not containing added sugar, other sweetening matter or spirit",20
200830,"Fruit; citrus, prepared or preserved in ways n.e.s. in heading no. 2007, whether or not containing added sugar, other sweetening matter or spirit",20
200840,"Fruit; pears, prepared or preserved in ways n.e.c. in heading no. 2007, whether or not containing added sugar, other sweetening matter or spirit",20
200840,"Fruit; pears, prepared or preserved in ways n.e.s. in heading no. 2007, whether or not containing added sugar, other sweetening matter or spirit",20
200850,"Fruit; apricots, prepared or preserved in ways n.e.c. in heading no. 2007, whether or not containing added sugar, other sweetening matter or spirit",20
200850,"Fruit; apricots, prepared or preserved in ways n.e.s. in heading no. 2007, whether or not containing added sugar, other sweetening matter or spirit",20
200860,"Fruit; cherries, prepared or preserved in ways n.e.c. in heading no. 2007, whether or not containing added sugar, other sweetening matter or spirit",20
200860,"Fruit; cherries, prepared or preserved in ways n.e.s. in heading no. 2007, whether or not containing added sugar, other sweetening matter or spirit",20
200870,"Fruit; peaches, including nectarines, prepared or preserved in ways n.e.c. in heading no. 2007 and 2008, whether or not containing added sugar, other sweetening matter or spirit",20
200870,"Fruit; peaches, prepared or preserved in ways n.e.s. in heading no. 2007, whether or not containing added sugar, other sweetening matter or spirit",20
200880,"Fruit; strawberries, prepared or preserved in ways n.e.c. in heading no. 2007, whether or not containing added sugar, other sweetening matter or spirit",20
200880,"Fruit; strawberries, prepared or preserved in ways n.e.s. in heading no. 2007, whether or not containing added sugar, other sweetening matter or spirit",20
200891,"Fruit, palm hearts; prepared or preserved, whether or not containing added sugar, other sweetening matter or spirit",20
200891,"Palm hearts; prepared or preserved, whether or not containing added sugar, other sweetening matter or spirit",20
200892,"Fruit, nuts and other edible parts of plants; mixtures (other than those of subheading no 2008.19), prepared or preserved in ways n.e.c. in heading no. 2007 and 2008, whether or not containing added sugar, other sweetening matter or spirit, n.e.c.",20
200892,"Fruit, nuts and other edible parts of plants; mixtures (other than those of subheading no 2008.19), prepared or preserved in ways nes in heading no. 2007 and 2008, whether or not containing added sugar, other sweetening matter or spirit, nes",20
200892,"Fruit; mixtures, prepared or preserved, whether or not containing added sugar, other sweetening matter or spirit",20
200893,"Fruit; cranberries (Vaccinium macrocarpon, Vaccinium oxycoccos); Iingonberries (Vaccinium vitis-idaea), prepared or preserved, whether or not containing added sugar, other sweetening matter or spirit",20
200893,"Fruit; cranberries (Vaccinium macrocarpon, Vaccinium oxycoccos, Vaccinium vitis-idaea), prepared or preserved, whether or not containing added sugar, other sweetening matter or spirit",20
200897,"Fruit, nuts and other edible parts of plants; mixtures (other than those of subheading no 2008.19); prepared or preserved in ways n.e.c. in headings 2007 and 2008, whether or not containing added sugar, or other sweetening matter or spirit, n.e.c.",20
200899,"Fruit, nuts and other edible parts of plants; prepared or preserved, whether or not containing added sugar, other sweetening matter or spirit, n.e.c. in heading no. 2008",20
200899,"Fruit, nuts and other edible parts of plants; prepared or preserved, whether or not containing added sugar, other sweetening matter or spirit, n.e.s. in heading no. 2008",20
200911,"Juice; orange, frozen, unfermented, (not containing added spirit), whether or not containing added sugar or other sweetening matter",20
200912,"Juice; orange, not frozen, of a Brix value not exceeding 20, unfermented, not containing added spirit, whether or not containing added sugar or other sweetening matter",20
200919,"Juice; orange, not frozen, of a Brix value exceeding 20, unfermented, not containing added spirit, whether or not containing added sugar or other sweetening matter",20
200919,"Juice; orange, not frozen, unfermented, (not containing added spirit), whether or not containing added sugar or other sweetening matter",20
200920,"Juice; grapefruit, unfermented, (not containing added spirit), whether or not containing added sugar or other sweetening matter",20
200921,"Juice; grapefruit or pomelo, of a Brix value not exceeding 20, unfermented, (not containing added spirit), whether or not containing added sugar or other sweetening matter",20
200921,"Juice; grapefruit (including pomelo), of a Brix value not exceeding 20, unfermented, (not containing added spirit), whether or not containing added sugar or other sweetening matter",20
200921,"Juice; grapefruit, of a Brix value not exceeding 20, unfermented, (not containing added spirit), whether or not containing added sugar or other sweetening matter",20
200929,"Juice; grapefruit or pomelo, of a Brix value exceeding 20, unfermented, not containing added spirit, whether or not containing added sugar or other sweetening matter",20
200929,"Juice; grapefruit (including pomelo), of a Brix value exceeding 20, unfermented, not containing added spirit, whether or not containing added sugar or other sweetening matter",20
200929,"Juice; grapefruit, of a Brix value exceeding 20, unfermented, not containing added spirit, whether or not containing added sugar or other sweetening matter",20
200930,"Juice; of single citrus fruit (excluding orange or grapefruit), unfermented, (not containing added spirit), whether or not containing added sugar or other sweetening matter",20
200931,"Juice; of single citrus fruit (excluding orange, grapefruit or pomelo), of a Brix value not exceeding 20, unfermented, not containing added spirit, whether or not containing added sugar or other sweetening matter",20
200931,"Juice; of single citrus fruit (excluding orange or grapefruit), of a Brix value not exceeding 20, unfermented, not containing added spirit, whether or not containing added sugar or other sweetening matter",20
200931,"Juice; of single citrus fruit (excluding orange or grapefruit),of a Brix value not exceeding 20, unfermented, not containing added spirit, whether or not containing added sugar or other sweetening matter",20
200939,"Juice; of single citrus fruit (excluding orange, grapefruit or pomelo), of a Brix value exceeding 20, unfermented, not containing added spirit, whether or not containing added sugar or other sweetening matter",20
200939,"Juice; of single citrus fruit (excluding orange or grapefruit), of a Brix value exceeding 20, unfermented, not containing added spirit, whether or not containing added sugar or other sweetening matter",20
200940,"Juice; pineapple, unfermented, (not containing added spirit), whether or not containing added sugar or other sweetening matter",20
200941,"Juice; pineapple, of a Brix value not exceeding 20, unfermented, (not containing added spirit), whether or not containing added sugar or other sweetening matter",20
200949,"Juice; pineapple, of a Brix value exceeding 20, unfermented, not containing added spirit, whether or not containing added sugar or other sweetening matter",20
200950,"Juice; tomato, unfermented, not containing added spirit, whether or not containing added sugar or other sweetening matter",20
200960,"Juice; grape (including grape must), unfermented, not containing added spirit, whether or not containing added sugar or other sweetening matter",20
200961,"Juice; grape, of a Brix value not exceeding 30, unfermented, (not containing added spirit), whether or not containing added sugar or other sweetening matter",20
200969,"Juice; grape, of a Brix value exceeding 30, unfermented, not containing added spirit, whether or not containing added sugar or other sweetening matter",20
200970,"Juice; apple, unfermented, not containing added spirit, whether or not containing added sugar or other sweetening matter",20
200971,"Juice; apple, of a Brix value not exceeding 20, unfermented, (not containing added spirit), whether or not containing added sugar or other sweetening matter",20
200979,"Juice; apple, of a Brix value exceeding 20, unfermented, not containing added spirit, whether or not containing added sugar or other sweetening matter",20
200980,"Juice; of any single fruit or vegetable n.e.c. in heading no. 2009, unfermented, not containing added spirit, whether or not containing added sugar or other sweetening matter",20
200980,"Juice; of any single fruit or vegetable n.e.s. in heading no. 2009, unfermented, not containing added spirit, whether or not containing added sugar or other sweetening matter",20
200981,"Juice; cranberry (Vaccinium macrocarpon, Vaccinium oxycoccos); Iingonberry (Vaccinium vitis-idaea), unfermented, not containing added spirit, whether or not containing added sugar or other sweetening matter",20
200981,"Juice; Cranberry (Vaccinium macrocarpon, Vaccinium oxycoccos, Vaccinium vitis-idaea) juice, unfermented, not containing added spirit, whether or not containing added sugar or other sweetening matter",20
200989,"Juice; of any single fruit, nut or vegetable n.e.c. in heading no. 2009, unfermented, not containing added spirit, whether or not containing added sugar or other sweetening matter",20
200989,"Juice; of any single fruit or vegetable n.e.c. in heading no. 2009, unfermented, not containing added spirit, whether or not containing added sugar or other sweetening matter",20
200990,"Juices; mixtures of fruits or vegetables (but not nut juice), unfermented, not containing added spirit, whether or not containing added sugar or other sweetening matter",20
200990,"Juices; mixtures of fruits or vegetables, unfermented, not containing added spirit, whether or not containing added sugar or other sweetening matter",20
200990,"Juices; mixtures, unfermented, not containing added spirit, whether or not containing added sugar or other sweetening matter",20
210110,"Extracts, essences and concentrates; of coffee and preparations with a basis of these extracts, essences or concentrates or with a basis of coffee",20
210111,"Extracts, essences and concentrates; of coffee, and preparations with a basis of these extracts, essences or concentrates or with a basis of coffee",21
210112,"Preparations with a basis of extracts, essences or concentrates or with a basis of coffee",21
210120,"Extracts, essences and concentrates; of tea or mate, and preparations with a basis of these extracts, essences or concentrates or with a basis of tea or mate",21
210130,"Chicory, roasted and other roasted coffee substitutes; extracts, essences and concentrates thereof",21
210210,Yeasts; active,21
210220,"Yeasts; inactive, other single-cell micro-organisms, dead",21
210230,Baking powders; prepared,21
210310,Sauces; soya,21
210320,Sauces; tomato ketchup and other tomato sauces,21
210330,Mustard flour and meal and prepared mustard,21
210390,Sauces and preparations therefor; mixed condiments and mixed seasonings,21
210410,Soups and broths and preparations therefor,21
210420,Homogenised composite food preparations,21
210500,Ice cream and other edible ice; whether or not containing cocoa,21
210610,Protein; concentrates and textured protein substances,21
210690,Food preparations; n.e.c. in item no. 2106.10,21
210690,Food preparations; n.e.s. in item no. 2106.10,21
220110,"Waters; mineral and aerated, including natural or artificial, (not containing added sugar or other sweetening matter nor flavoured)",21
220190,"Waters; other than mineral and aerated, (not containing added sugar or other sweetening matter nor flavoured), ice and snow",22
220210,"Waters; including mineral and aerated, containing added sugar or other sweetening matter or flavoured",22
220290,"Non-alcoholic beverages; n.e.c. in item no. 2202.10, not including fruit or vegetable juices of heading no. 2009",22
220290,"Non-alcoholic beverages; n.e.s. in item no. 2202.10, not including fruit or vegetable juices of heading no. 2009",22
220291,Non-alcoholic beverages; non-alcoholic beer,22
220299,"Non-alcoholic beverages; other than non-alcoholic beer, n.e.c. in item no. 2202.10, not including fruit, nut or vegetable juices of heading no. 2009",22
220299,"Non-alcoholic beverages; other than non-alcoholic beer, n.e.c. in item no. 2202.10, not including fruit or vegetable juices of heading no. 2009",22
220300,Beer; made from malt,22
220410,Wine; sparkling,22
220421,"Wine; still, in containers holding 2 litres or less",22
220422,"Wine; still, in containers holding more than 2 litres but not more than 10 litres",22
220429,"Wine; still, in containers holding more than 10 litres",22
220429,"Wine; still, in containers holding more than 2 litres",22
220430,"Grape must; n.e.c. in heading no. 2009, n.e.c. in item no. 2204.2",22
220430,"Grape must; n.e.s. in heading no. 2009, n.e.s. in item no. 2204.2",22
220510,"Vermouth and other wine of fresh grapes, flavoured with plants or aromatic substances, in containers holding 2 litres or less",22
220590,"Vermouth and other wine of fresh grapes, flavoured with plants or aromatic substances, in containers holding more than 2 litres",22
220600,"Beverages, fermented; (e.g. cider, perry, mead, sake)",22
220600,"Beverages, fermented; (e.g. cider, perry, mead)",22
220600,"Beverages, fermented; (egg cider, perry, mead)",22
220600,"Beverages, fermented; (eg cider, perry, mead)",22
220710,Undenatured ethyl alcohol; of an alcoholic strength by volume of 80% vol. or higher,22
220720,"Ethyl alcohol and other spirits; denatured, of any strength",22
220810,"Alcoholic preparations; compound, of a kind used for the manufacture of beverages",22
220820,Spirits obtained by distilling grape wine or grape marc,22
220830,Whiskies,22
220840,Rum and other spirits obtained by distilling fermented sugar-cane products,22
220840,Rum and tafia,22
220850,Gin and geneva,22
220860,Vodka,22
220870,Liqueurs and cordials,22
220890,"Spirits, liqueurs and other spirituous beverages; n.e.c. in heading no. 2208",22
220890,"Spirits, liqueurs and other spirituous beverages; n.e.s. in heading no. 2208",22
220900,Vinegar and substitutes for vinegar; obtained from acetic acid,22
230110,"Flours, meals and pellets; of meat or meat offal, greaves",22
230120,"Flours, meals and pellets; of fish or of crustaceans, molluscs or other aquatic invertebrates",23
230210,"Bran, sharps and other residues; of maize (corn), whether or not in the form of pellets, derived from the sifting, milling or other workings thereof",23
230220,"Bran, sharps and other residues; of rice, whether or not in the form of pellets, derived from the sifting, milling or other workings thereof",23
230230,"Bran, sharps and other residues; of wheat, whether or not in the form of pellets, derived from the sifting, milling or other workings thereof",23
230240,"Bran, sharps and other residues; of other cereals, whether or not in the form of pellets, derived from the sifting, milling or other workings thereof",23
230250,"Bran, sharps and other residues; of leguminous plants, whether or not in the form of pellets, derived from the sifting, milling or other workings thereof",23
230310,Residues of starch manufacture and similar residues; whether or not in the form of pellets,23
230320,"Beet-pulp, bagasse and other waste of sugar manufacture; whether or not in the form of pellets",23
230330,Brewing or distilling dregs and waste; whether or not in the form of pellets,23
230400,"Oil-cake and other solid residues; whether or not ground or in the form of pellets, resulting from the extraction of soya-bean oil",23
230500,"Oil-cake and other solid residues; whether or not ground or in the form of pellets, resulting from the extraction of ground-nut oil",23
230610,"Oil-cake and other solid residues; whether or not ground or in the form of pellets, resulting from the extraction of cotton seed oils",23
230620,"Oil-cake and other solid residues; whether or not ground or in the form of pellets, resulting from the extraction of linseed oils",23
230630,"Oil-cake and other solid residues; whether or not ground or in the form of pellets, resulting from the extraction of sunflower seed oils",23
230640,"Oil-cake and other solid residues; whether or not ground or in the form of pellets, resulting from the extraction of rape or colza seed oils",23
230641,"Oil-cake and other solid residues; whether or not ground or in the form of pellets, resulting from the extraction of low erucic acid rape or colza seed oils",23
230649,"Oil-cake and other solid residues; whether or not ground or in the form of pellets, resulting from the extraction of rape seed oils (other than low erucic acid rape or colza)",23
230650,"Oil-cake and other solid residues; whether or not ground or in the form of pellets, resulting from the extraction of coconut or copra seed oils",23
230660,"Oil-cake and other solid residues; whether or not ground or in the form of pellets, resulting from the extraction of palm nuts or kernels oils",23
230670,"Oil cake and other solid residues; whether or not ground or in the form of pellets, resulting from the extraction of maize (corn) germ oils",23
230690,"Oil-cake and other solid residues; whether or not ground or in the form of pellets, resulting from the extraction of oils, n.e.c. in heading no. 2306",23
230690,"Oil-cake and other solid residues; whether or not ground or in the form of pellets, resulting from the extraction of oils, n.e.s. in heading no. 2306",23
230700,Wine lees; argol,23
230800,"Vegetable materials and vegetable waste, vegetable residues and by-products; whether or not in the form of pellets, of a kind used in animal feeding, not elsewhere specified or included",23
230810,"Vegetable materials and vegetable waste, vegetable residues and bi-products; whether or not in the form of pellets, of a kind used in animal feeding, acorns and horse-chestnuts",23
230890,"Vegetable materials and vegetable waste, vegetable residues and bi-products; whether or not in the form of pellets, of a kind used in animal feeding, other than acorns or horse-chestnuts",23
230910,"Dog or cat food; put up for retail sale, used in animal feeding",23
230990,"Dog or cat food; (not put up for retail sale), used in animal feeding",23
240110,"Tobacco, (not stemmed or stripped)",23
240120,Tobacco; partly or wholly stemmed or stripped,24
240130,Tobacco refuse,24
240210,"Cigars, cheroots and cigarillos; containing tobacco including the weight of every band, wrapper or attachment thereto",24
240220,Cigarettes; containing tobacco,24
240290,"Cigars, cigarillos and cheroots; containing tobacco substitutes including the weight of every band, wrapper or attachment thereto",24
240310,"Tobacco, smoking; whether or not containing tobacco substitutes in any proportion",24
240311,"Tobacco; smoking, water pipe tobacco as specified in Subheading Note 1 to this Chapter, whether or not containing tobacco substitutes in any proportion",24
240319,"Tobacco; smoking, other than water pipe tobacco, whether or not containing tobacco substitutes in any proportion",24
240391,Tobacco; homogenised or reconstituted,24
240391,"Tobacco; ""homogenised"" or ""reconstituted""",24
240399,Tobacco; other than homogenised or reconstituted or smoking,24
240399,"Tobacco; other than ""homogenised"" or ""reconstituted"" or ""smoking""",24
240411,"Products containing tobacco or reconstituted tobacco, intended for inhalation without combustion",24
240412,"Products containing nicotine, other than tobacco or reconstituted tobacco, intended for inhalation without combustion",24
240419,"Products containing tobacco or nicotine substitutes, intended for inhalation without combustion",24
240491,"Products n.e.c. in heading 2404, intended for the intake of nicotine into the human body, for oral application",24
240492,"Products n.e.c. in heading 2404, intended for the intake of nicotine into the human body, for transdermal application",24
240499,"Products n.e.c. in heading 2404, intended for the intake of nicotine into the human body, by ways other than inhalation, and other than oral or transdermal application",24